[17-May-2025 16:04:16 UTC] PHP Warning:  Undefined variable $thumbnail_url in /Users/milfuegos/Sites/msm-dev/app/public/wp-content/themes/msm/templates/sections/home_news.php on line 33
[17-May-2025 16:04:16 UTC] PHP Warning:  Undefined variable $thumbnail_url in /Users/milfuegos/Sites/msm-dev/app/public/wp-content/themes/msm/templates/sections/home_news.php on line 86
[17-May-2025 16:08:52 UTC] PHP Warning:  Undefined variable $thumbnail_url in /Users/milfuegos/Sites/msm-dev/app/public/wp-content/themes/msm/templates/sections/home_news.php on line 33
[17-May-2025 16:08:52 UTC] PHP Warning:  Undefined variable $thumbnail_url in /Users/milfuegos/Sites/msm-dev/app/public/wp-content/themes/msm/templates/sections/home_news.php on line 86
[17-May-2025 16:29:09 UTC] PHP Warning:  Undefined variable $thumbnail_url in /Users/milfuegos/Sites/msm-dev/app/public/wp-content/themes/msm/templates/sections/home_news.php on line 33
[17-May-2025 16:29:09 UTC] PHP Warning:  Undefined variable $thumbnail_url in /Users/milfuegos/Sites/msm-dev/app/public/wp-content/themes/msm/templates/sections/home_news.php on line 33
[17-May-2025 16:29:09 UTC] PHP Warning:  Undefined variable $thumbnail_url in /Users/milfuegos/Sites/msm-dev/app/public/wp-content/themes/msm/templates/sections/home_news.php on line 86
[17-May-2025 16:29:09 UTC] PHP Warning:  Undefined variable $thumbnail_url in /Users/milfuegos/Sites/msm-dev/app/public/wp-content/themes/msm/templates/sections/home_news.php on line 86
[17-May-2025 16:29:18 UTC] PHP Warning:  Undefined variable $thumbnail_url in /Users/milfuegos/Sites/msm-dev/app/public/wp-content/themes/msm/templates/sections/home_news.php on line 33
[17-May-2025 16:29:18 UTC] PHP Warning:  Undefined variable $thumbnail_url in /Users/milfuegos/Sites/msm-dev/app/public/wp-content/themes/msm/templates/sections/home_news.php on line 86
[17-May-2025 16:29:19 UTC] PHP Warning:  Undefined variable $thumbnail_url in /Users/milfuegos/Sites/msm-dev/app/public/wp-content/themes/msm/templates/sections/home_news.php on line 33
[17-May-2025 16:29:19 UTC] PHP Warning:  Undefined variable $thumbnail_url in /Users/milfuegos/Sites/msm-dev/app/public/wp-content/themes/msm/templates/sections/home_news.php on line 33
[17-May-2025 16:29:19 UTC] PHP Warning:  Undefined variable $thumbnail_url in /Users/milfuegos/Sites/msm-dev/app/public/wp-content/themes/msm/templates/sections/home_news.php on line 86
[17-May-2025 16:29:19 UTC] PHP Warning:  Undefined variable $thumbnail_url in /Users/milfuegos/Sites/msm-dev/app/public/wp-content/themes/msm/templates/sections/home_news.php on line 86
[17-May-2025 16:29:19 UTC] PHP Warning:  Undefined variable $thumbnail_url in /Users/milfuegos/Sites/msm-dev/app/public/wp-content/themes/msm/templates/sections/home_news.php on line 33
[17-May-2025 16:29:19 UTC] PHP Warning:  Undefined variable $thumbnail_url in /Users/milfuegos/Sites/msm-dev/app/public/wp-content/themes/msm/templates/sections/home_news.php on line 33
[17-May-2025 16:29:19 UTC] PHP Warning:  Undefined variable $thumbnail_url in /Users/milfuegos/Sites/msm-dev/app/public/wp-content/themes/msm/templates/sections/home_news.php on line 86
[17-May-2025 16:29:19 UTC] PHP Warning:  Undefined variable $thumbnail_url in /Users/milfuegos/Sites/msm-dev/app/public/wp-content/themes/msm/templates/sections/home_news.php on line 86
[17-May-2025 16:29:19 UTC] PHP Warning:  Undefined variable $thumbnail_url in /Users/milfuegos/Sites/msm-dev/app/public/wp-content/themes/msm/templates/sections/home_news.php on line 33
[17-May-2025 16:29:19 UTC] PHP Warning:  Undefined variable $thumbnail_url in /Users/milfuegos/Sites/msm-dev/app/public/wp-content/themes/msm/templates/sections/home_news.php on line 86
[17-May-2025 16:29:19 UTC] PHP Warning:  Undefined variable $thumbnail_url in /Users/milfuegos/Sites/msm-dev/app/public/wp-content/themes/msm/templates/sections/home_news.php on line 33
[17-May-2025 16:29:19 UTC] PHP Warning:  Undefined variable $thumbnail_url in /Users/milfuegos/Sites/msm-dev/app/public/wp-content/themes/msm/templates/sections/home_news.php on line 86
[17-May-2025 16:29:19 UTC] PHP Warning:  Undefined variable $thumbnail_url in /Users/milfuegos/Sites/msm-dev/app/public/wp-content/themes/msm/templates/sections/home_news.php on line 33
[17-May-2025 16:29:19 UTC] PHP Warning:  Undefined variable $thumbnail_url in /Users/milfuegos/Sites/msm-dev/app/public/wp-content/themes/msm/templates/sections/home_news.php on line 86
[17-May-2025 16:29:19 UTC] PHP Warning:  Undefined variable $thumbnail_url in /Users/milfuegos/Sites/msm-dev/app/public/wp-content/themes/msm/templates/sections/home_news.php on line 33
[17-May-2025 16:29:19 UTC] PHP Warning:  Undefined variable $thumbnail_url in /Users/milfuegos/Sites/msm-dev/app/public/wp-content/themes/msm/templates/sections/home_news.php on line 86
[17-May-2025 16:29:19 UTC] PHP Warning:  Undefined variable $thumbnail_url in /Users/milfuegos/Sites/msm-dev/app/public/wp-content/themes/msm/templates/sections/home_news.php on line 33
[17-May-2025 16:29:19 UTC] PHP Warning:  Undefined variable $thumbnail_url in /Users/milfuegos/Sites/msm-dev/app/public/wp-content/themes/msm/templates/sections/home_news.php on line 86
[17-May-2025 16:29:19 UTC] PHP Warning:  Undefined variable $thumbnail_url in /Users/milfuegos/Sites/msm-dev/app/public/wp-content/themes/msm/templates/sections/home_news.php on line 33
[17-May-2025 16:29:19 UTC] PHP Warning:  Undefined variable $thumbnail_url in /Users/milfuegos/Sites/msm-dev/app/public/wp-content/themes/msm/templates/sections/home_news.php on line 86
[17-May-2025 16:29:19 UTC] PHP Warning:  Undefined variable $thumbnail_url in /Users/milfuegos/Sites/msm-dev/app/public/wp-content/themes/msm/templates/sections/home_news.php on line 33
[17-May-2025 16:29:19 UTC] PHP Warning:  Undefined variable $thumbnail_url in /Users/milfuegos/Sites/msm-dev/app/public/wp-content/themes/msm/templates/sections/home_news.php on line 86
[17-May-2025 16:29:19 UTC] PHP Warning:  Undefined variable $thumbnail_url in /Users/milfuegos/Sites/msm-dev/app/public/wp-content/themes/msm/templates/sections/home_news.php on line 33
[17-May-2025 16:29:19 UTC] PHP Warning:  Undefined variable $thumbnail_url in /Users/milfuegos/Sites/msm-dev/app/public/wp-content/themes/msm/templates/sections/home_news.php on line 86
[17-May-2025 16:29:19 UTC] PHP Warning:  Undefined variable $thumbnail_url in /Users/milfuegos/Sites/msm-dev/app/public/wp-content/themes/msm/templates/sections/home_news.php on line 33
[17-May-2025 16:29:19 UTC] PHP Warning:  Undefined variable $thumbnail_url in /Users/milfuegos/Sites/msm-dev/app/public/wp-content/themes/msm/templates/sections/home_news.php on line 86
[17-May-2025 16:39:56 UTC] PHP Warning:  Undefined variable $thumbnail_url in /Users/milfuegos/Sites/msm-dev/app/public/wp-content/themes/msm/templates/sections/home_news.php on line 33
[17-May-2025 16:39:56 UTC] PHP Warning:  Undefined variable $thumbnail_url in /Users/milfuegos/Sites/msm-dev/app/public/wp-content/themes/msm/templates/sections/home_news.php on line 33
[17-May-2025 16:39:56 UTC] PHP Warning:  Undefined variable $thumbnail_url in /Users/milfuegos/Sites/msm-dev/app/public/wp-content/themes/msm/templates/sections/home_news.php on line 86
[17-May-2025 16:39:56 UTC] PHP Warning:  Undefined variable $thumbnail_url in /Users/milfuegos/Sites/msm-dev/app/public/wp-content/themes/msm/templates/sections/home_news.php on line 86
[17-May-2025 16:39:56 UTC] PHP Warning:  Undefined variable $thumbnail_url in /Users/milfuegos/Sites/msm-dev/app/public/wp-content/themes/msm/templates/sections/home_news.php on line 33
[17-May-2025 16:39:56 UTC] PHP Warning:  Undefined variable $thumbnail_url in /Users/milfuegos/Sites/msm-dev/app/public/wp-content/themes/msm/templates/sections/home_news.php on line 86
[17-May-2025 16:39:56 UTC] PHP Warning:  Undefined variable $thumbnail_url in /Users/milfuegos/Sites/msm-dev/app/public/wp-content/themes/msm/templates/sections/home_news.php on line 33
[17-May-2025 16:39:56 UTC] PHP Warning:  Undefined variable $thumbnail_url in /Users/milfuegos/Sites/msm-dev/app/public/wp-content/themes/msm/templates/sections/home_news.php on line 86
[17-May-2025 16:44:08 UTC] PHP Warning:  Undefined variable $thumbnail_url in /Users/milfuegos/Sites/msm-dev/app/public/wp-content/themes/msm/templates/sections/home_news.php on line 33
[17-May-2025 16:44:08 UTC] PHP Warning:  Undefined variable $thumbnail_url in /Users/milfuegos/Sites/msm-dev/app/public/wp-content/themes/msm/templates/sections/home_news.php on line 86
[17-May-2025 16:44:09 UTC] PHP Warning:  Undefined variable $thumbnail_url in /Users/milfuegos/Sites/msm-dev/app/public/wp-content/themes/msm/templates/sections/home_news.php on line 33
[17-May-2025 16:44:09 UTC] PHP Warning:  Undefined variable $thumbnail_url in /Users/milfuegos/Sites/msm-dev/app/public/wp-content/themes/msm/templates/sections/home_news.php on line 86
[17-May-2025 16:44:12 UTC] PHP Warning:  Undefined variable $thumbnail_url in /Users/milfuegos/Sites/msm-dev/app/public/wp-content/themes/msm/templates/sections/home_news.php on line 33
[17-May-2025 16:44:12 UTC] PHP Warning:  Undefined variable $thumbnail_url in /Users/milfuegos/Sites/msm-dev/app/public/wp-content/themes/msm/templates/sections/home_news.php on line 86
[17-May-2025 16:44:12 UTC] PHP Warning:  Undefined variable $thumbnail_url in /Users/milfuegos/Sites/msm-dev/app/public/wp-content/themes/msm/templates/sections/home_news.php on line 33
[17-May-2025 16:44:12 UTC] PHP Warning:  Undefined variable $thumbnail_url in /Users/milfuegos/Sites/msm-dev/app/public/wp-content/themes/msm/templates/sections/home_news.php on line 86
[17-May-2025 16:48:35 UTC] Page slug: 
[17-May-2025 16:48:35 UTC] Final slug: web.com/.php
[17-May-2025 16:48:35 UTC] Page slug not in template map: 
[17-May-2025 16:49:30 UTC] PHP Warning:  Undefined variable $thumbnail_url in /Users/milfuegos/Sites/msm-dev/app/public/wp-content/themes/msm/templates/sections/home_news.php on line 33
[17-May-2025 16:49:30 UTC] PHP Warning:  Undefined variable $thumbnail_url in /Users/milfuegos/Sites/msm-dev/app/public/wp-content/themes/msm/templates/sections/home_news.php on line 86
[17-May-2025 16:49:30 UTC] PHP Warning:  Undefined variable $thumbnail_url in /Users/milfuegos/Sites/msm-dev/app/public/wp-content/themes/msm/templates/sections/home_news.php on line 33
[17-May-2025 16:49:30 UTC] PHP Warning:  Undefined variable $thumbnail_url in /Users/milfuegos/Sites/msm-dev/app/public/wp-content/themes/msm/templates/sections/home_news.php on line 86
[17-May-2025 16:49:30 UTC] PHP Warning:  Undefined variable $thumbnail_url in /Users/milfuegos/Sites/msm-dev/app/public/wp-content/themes/msm/templates/sections/home_news.php on line 33
[17-May-2025 16:49:30 UTC] PHP Warning:  Undefined variable $thumbnail_url in /Users/milfuegos/Sites/msm-dev/app/public/wp-content/themes/msm/templates/sections/home_news.php on line 86
[17-May-2025 16:49:30 UTC] PHP Warning:  Undefined variable $thumbnail_url in /Users/milfuegos/Sites/msm-dev/app/public/wp-content/themes/msm/templates/sections/home_news.php on line 33
[17-May-2025 16:49:30 UTC] PHP Warning:  Undefined variable $thumbnail_url in /Users/milfuegos/Sites/msm-dev/app/public/wp-content/themes/msm/templates/sections/home_news.php on line 86
[17-May-2025 16:49:31 UTC] PHP Warning:  Undefined variable $thumbnail_url in /Users/milfuegos/Sites/msm-dev/app/public/wp-content/themes/msm/templates/sections/home_news.php on line 33
[17-May-2025 16:49:31 UTC] PHP Warning:  Undefined variable $thumbnail_url in /Users/milfuegos/Sites/msm-dev/app/public/wp-content/themes/msm/templates/sections/home_news.php on line 86
[17-May-2025 16:49:31 UTC] PHP Warning:  Undefined variable $thumbnail_url in /Users/milfuegos/Sites/msm-dev/app/public/wp-content/themes/msm/templates/sections/home_news.php on line 33
[17-May-2025 16:49:31 UTC] PHP Warning:  Undefined variable $thumbnail_url in /Users/milfuegos/Sites/msm-dev/app/public/wp-content/themes/msm/templates/sections/home_news.php on line 86
[17-May-2025 16:49:31 UTC] PHP Warning:  Undefined variable $thumbnail_url in /Users/milfuegos/Sites/msm-dev/app/public/wp-content/themes/msm/templates/sections/home_news.php on line 33
[17-May-2025 16:49:31 UTC] PHP Warning:  Undefined variable $thumbnail_url in /Users/milfuegos/Sites/msm-dev/app/public/wp-content/themes/msm/templates/sections/home_news.php on line 86
[17-May-2025 16:49:31 UTC] PHP Warning:  Undefined variable $thumbnail_url in /Users/milfuegos/Sites/msm-dev/app/public/wp-content/themes/msm/templates/sections/home_news.php on line 33
[17-May-2025 16:49:31 UTC] PHP Warning:  Undefined variable $thumbnail_url in /Users/milfuegos/Sites/msm-dev/app/public/wp-content/themes/msm/templates/sections/home_news.php on line 86
[17-May-2025 16:49:32 UTC] PHP Warning:  Undefined variable $thumbnail_url in /Users/milfuegos/Sites/msm-dev/app/public/wp-content/themes/msm/templates/sections/home_news.php on line 33
[17-May-2025 16:49:32 UTC] PHP Warning:  Undefined variable $thumbnail_url in /Users/milfuegos/Sites/msm-dev/app/public/wp-content/themes/msm/templates/sections/home_news.php on line 86
[17-May-2025 16:49:32 UTC] PHP Warning:  Undefined variable $thumbnail_url in /Users/milfuegos/Sites/msm-dev/app/public/wp-content/themes/msm/templates/sections/home_news.php on line 33
[17-May-2025 16:49:32 UTC] PHP Warning:  Undefined variable $thumbnail_url in /Users/milfuegos/Sites/msm-dev/app/public/wp-content/themes/msm/templates/sections/home_news.php on line 86
[17-May-2025 16:49:33 UTC] PHP Warning:  Undefined variable $thumbnail_url in /Users/milfuegos/Sites/msm-dev/app/public/wp-content/themes/msm/templates/sections/home_news.php on line 33
[17-May-2025 16:49:33 UTC] PHP Warning:  Undefined variable $thumbnail_url in /Users/milfuegos/Sites/msm-dev/app/public/wp-content/themes/msm/templates/sections/home_news.php on line 86
[17-May-2025 16:49:33 UTC] PHP Warning:  Undefined variable $thumbnail_url in /Users/milfuegos/Sites/msm-dev/app/public/wp-content/themes/msm/templates/sections/home_news.php on line 33
[17-May-2025 16:49:33 UTC] PHP Warning:  Undefined variable $thumbnail_url in /Users/milfuegos/Sites/msm-dev/app/public/wp-content/themes/msm/templates/sections/home_news.php on line 86
[17-May-2025 16:49:35 UTC] Page slug: 
[17-May-2025 16:49:35 UTC] Final slug: web.com/.php
[17-May-2025 16:49:35 UTC] Page slug not in template map: 
[17-May-2025 16:49:57 UTC] PHP Warning:  Undefined variable $thumbnail_url in /Users/milfuegos/Sites/msm-dev/app/public/wp-content/themes/msm/templates/sections/home_news.php on line 33
[17-May-2025 16:49:57 UTC] PHP Warning:  Undefined variable $thumbnail_url in /Users/milfuegos/Sites/msm-dev/app/public/wp-content/themes/msm/templates/sections/home_news.php on line 86
[17-May-2025 16:49:59 UTC] PHP Warning:  Undefined variable $thumbnail_url in /Users/milfuegos/Sites/msm-dev/app/public/wp-content/themes/msm/templates/sections/home_news.php on line 33
[17-May-2025 16:49:59 UTC] PHP Warning:  Undefined variable $thumbnail_url in /Users/milfuegos/Sites/msm-dev/app/public/wp-content/themes/msm/templates/sections/home_news.php on line 86
[17-May-2025 16:49:59 UTC] PHP Warning:  Undefined variable $thumbnail_url in /Users/milfuegos/Sites/msm-dev/app/public/wp-content/themes/msm/templates/sections/home_news.php on line 33
[17-May-2025 16:49:59 UTC] PHP Warning:  Undefined variable $thumbnail_url in /Users/milfuegos/Sites/msm-dev/app/public/wp-content/themes/msm/templates/sections/home_news.php on line 86
[17-May-2025 16:50:00 UTC] PHP Warning:  Undefined variable $thumbnail_url in /Users/milfuegos/Sites/msm-dev/app/public/wp-content/themes/msm/templates/sections/home_news.php on line 33
[17-May-2025 16:50:00 UTC] PHP Warning:  Undefined variable $thumbnail_url in /Users/milfuegos/Sites/msm-dev/app/public/wp-content/themes/msm/templates/sections/home_news.php on line 86
[17-May-2025 16:50:00 UTC] PHP Warning:  Undefined variable $thumbnail_url in /Users/milfuegos/Sites/msm-dev/app/public/wp-content/themes/msm/templates/sections/home_news.php on line 33
[17-May-2025 16:50:00 UTC] PHP Warning:  Undefined variable $thumbnail_url in /Users/milfuegos/Sites/msm-dev/app/public/wp-content/themes/msm/templates/sections/home_news.php on line 86
[17-May-2025 16:50:01 UTC] PHP Warning:  Undefined variable $thumbnail_url in /Users/milfuegos/Sites/msm-dev/app/public/wp-content/themes/msm/templates/sections/home_news.php on line 33
[17-May-2025 16:50:01 UTC] PHP Warning:  Undefined variable $thumbnail_url in /Users/milfuegos/Sites/msm-dev/app/public/wp-content/themes/msm/templates/sections/home_news.php on line 86
[17-May-2025 16:50:01 UTC] PHP Warning:  Undefined variable $thumbnail_url in /Users/milfuegos/Sites/msm-dev/app/public/wp-content/themes/msm/templates/sections/home_news.php on line 33
[17-May-2025 16:50:01 UTC] PHP Warning:  Undefined variable $thumbnail_url in /Users/milfuegos/Sites/msm-dev/app/public/wp-content/themes/msm/templates/sections/home_news.php on line 86
[17-May-2025 16:50:01 UTC] PHP Warning:  Undefined variable $thumbnail_url in /Users/milfuegos/Sites/msm-dev/app/public/wp-content/themes/msm/templates/sections/home_news.php on line 33
[17-May-2025 16:50:01 UTC] PHP Warning:  Undefined variable $thumbnail_url in /Users/milfuegos/Sites/msm-dev/app/public/wp-content/themes/msm/templates/sections/home_news.php on line 86
[17-May-2025 16:50:02 UTC] PHP Warning:  Undefined variable $thumbnail_url in /Users/milfuegos/Sites/msm-dev/app/public/wp-content/themes/msm/templates/sections/home_news.php on line 33
[17-May-2025 16:50:02 UTC] PHP Warning:  Undefined variable $thumbnail_url in /Users/milfuegos/Sites/msm-dev/app/public/wp-content/themes/msm/templates/sections/home_news.php on line 86
[17-May-2025 16:50:02 UTC] PHP Warning:  Undefined variable $thumbnail_url in /Users/milfuegos/Sites/msm-dev/app/public/wp-content/themes/msm/templates/sections/home_news.php on line 33
[17-May-2025 16:50:02 UTC] PHP Warning:  Undefined variable $thumbnail_url in /Users/milfuegos/Sites/msm-dev/app/public/wp-content/themes/msm/templates/sections/home_news.php on line 86
[17-May-2025 16:50:02 UTC] PHP Warning:  Undefined variable $thumbnail_url in /Users/milfuegos/Sites/msm-dev/app/public/wp-content/themes/msm/templates/sections/home_news.php on line 33
[17-May-2025 16:50:02 UTC] PHP Warning:  Undefined variable $thumbnail_url in /Users/milfuegos/Sites/msm-dev/app/public/wp-content/themes/msm/templates/sections/home_news.php on line 86
[17-May-2025 16:50:04 UTC] PHP Warning:  Undefined variable $thumbnail_url in /Users/milfuegos/Sites/msm-dev/app/public/wp-content/themes/msm/templates/sections/home_news.php on line 33
[17-May-2025 16:50:04 UTC] PHP Warning:  Undefined variable $thumbnail_url in /Users/milfuegos/Sites/msm-dev/app/public/wp-content/themes/msm/templates/sections/home_news.php on line 86
[17-May-2025 16:50:04 UTC] PHP Warning:  Undefined variable $thumbnail_url in /Users/milfuegos/Sites/msm-dev/app/public/wp-content/themes/msm/templates/sections/home_news.php on line 33
[17-May-2025 16:50:04 UTC] PHP Warning:  Undefined variable $thumbnail_url in /Users/milfuegos/Sites/msm-dev/app/public/wp-content/themes/msm/templates/sections/home_news.php on line 86
[17-May-2025 16:50:05 UTC] PHP Warning:  Undefined variable $thumbnail_url in /Users/milfuegos/Sites/msm-dev/app/public/wp-content/themes/msm/templates/sections/home_news.php on line 33
[17-May-2025 16:50:05 UTC] PHP Warning:  Undefined variable $thumbnail_url in /Users/milfuegos/Sites/msm-dev/app/public/wp-content/themes/msm/templates/sections/home_news.php on line 86
[17-May-2025 16:50:22 UTC] PHP Warning:  Undefined variable $thumbnail_url in /Users/milfuegos/Sites/msm-dev/app/public/wp-content/themes/msm/templates/sections/home_news.php on line 33
[17-May-2025 16:50:22 UTC] PHP Warning:  Undefined variable $thumbnail_url in /Users/milfuegos/Sites/msm-dev/app/public/wp-content/themes/msm/templates/sections/home_news.php on line 86
[17-May-2025 16:50:22 UTC] PHP Warning:  Undefined variable $thumbnail_url in /Users/milfuegos/Sites/msm-dev/app/public/wp-content/themes/msm/templates/sections/home_news.php on line 33
[17-May-2025 16:50:22 UTC] PHP Warning:  Undefined variable $thumbnail_url in /Users/milfuegos/Sites/msm-dev/app/public/wp-content/themes/msm/templates/sections/home_news.php on line 86
[17-May-2025 16:50:34 UTC] PHP Warning:  Undefined variable $thumbnail_url in /Users/milfuegos/Sites/msm-dev/app/public/wp-content/themes/msm/templates/sections/home_news.php on line 33
[17-May-2025 16:50:34 UTC] PHP Warning:  Undefined variable $thumbnail_url in /Users/milfuegos/Sites/msm-dev/app/public/wp-content/themes/msm/templates/sections/home_news.php on line 86
[17-May-2025 16:50:34 UTC] PHP Warning:  Undefined variable $thumbnail_url in /Users/milfuegos/Sites/msm-dev/app/public/wp-content/themes/msm/templates/sections/home_news.php on line 33
[17-May-2025 16:50:34 UTC] PHP Warning:  Undefined variable $thumbnail_url in /Users/milfuegos/Sites/msm-dev/app/public/wp-content/themes/msm/templates/sections/home_news.php on line 86
[17-May-2025 16:50:39 UTC] PHP Warning:  Undefined variable $thumbnail_url in /Users/milfuegos/Sites/msm-dev/app/public/wp-content/themes/msm/templates/sections/home_news.php on line 33
[17-May-2025 16:50:39 UTC] PHP Warning:  Undefined variable $thumbnail_url in /Users/milfuegos/Sites/msm-dev/app/public/wp-content/themes/msm/templates/sections/home_news.php on line 86
[17-May-2025 16:50:39 UTC] PHP Warning:  Undefined variable $thumbnail_url in /Users/milfuegos/Sites/msm-dev/app/public/wp-content/themes/msm/templates/sections/home_news.php on line 33
[17-May-2025 16:50:39 UTC] PHP Warning:  Undefined variable $thumbnail_url in /Users/milfuegos/Sites/msm-dev/app/public/wp-content/themes/msm/templates/sections/home_news.php on line 33
[17-May-2025 16:50:39 UTC] PHP Warning:  Undefined variable $thumbnail_url in /Users/milfuegos/Sites/msm-dev/app/public/wp-content/themes/msm/templates/sections/home_news.php on line 86
[17-May-2025 16:50:39 UTC] PHP Warning:  Undefined variable $thumbnail_url in /Users/milfuegos/Sites/msm-dev/app/public/wp-content/themes/msm/templates/sections/home_news.php on line 86
[17-May-2025 16:50:39 UTC] PHP Warning:  Undefined variable $thumbnail_url in /Users/milfuegos/Sites/msm-dev/app/public/wp-content/themes/msm/templates/sections/home_news.php on line 33
[17-May-2025 16:50:39 UTC] PHP Warning:  Undefined variable $thumbnail_url in /Users/milfuegos/Sites/msm-dev/app/public/wp-content/themes/msm/templates/sections/home_news.php on line 33
[17-May-2025 16:50:39 UTC] PHP Warning:  Undefined variable $thumbnail_url in /Users/milfuegos/Sites/msm-dev/app/public/wp-content/themes/msm/templates/sections/home_news.php on line 86
[17-May-2025 16:50:39 UTC] PHP Warning:  Undefined variable $thumbnail_url in /Users/milfuegos/Sites/msm-dev/app/public/wp-content/themes/msm/templates/sections/home_news.php on line 86
[17-May-2025 16:50:40 UTC] PHP Warning:  Undefined variable $thumbnail_url in /Users/milfuegos/Sites/msm-dev/app/public/wp-content/themes/msm/templates/sections/home_news.php on line 33
[17-May-2025 16:50:40 UTC] PHP Warning:  Undefined variable $thumbnail_url in /Users/milfuegos/Sites/msm-dev/app/public/wp-content/themes/msm/templates/sections/home_news.php on line 33
[17-May-2025 16:50:40 UTC] PHP Warning:  Undefined variable $thumbnail_url in /Users/milfuegos/Sites/msm-dev/app/public/wp-content/themes/msm/templates/sections/home_news.php on line 86
[17-May-2025 16:50:40 UTC] PHP Warning:  Undefined variable $thumbnail_url in /Users/milfuegos/Sites/msm-dev/app/public/wp-content/themes/msm/templates/sections/home_news.php on line 86
[17-May-2025 16:50:40 UTC] PHP Warning:  Undefined variable $thumbnail_url in /Users/milfuegos/Sites/msm-dev/app/public/wp-content/themes/msm/templates/sections/home_news.php on line 33
[17-May-2025 16:50:40 UTC] PHP Warning:  Undefined variable $thumbnail_url in /Users/milfuegos/Sites/msm-dev/app/public/wp-content/themes/msm/templates/sections/home_news.php on line 33
[17-May-2025 16:50:40 UTC] PHP Warning:  Undefined variable $thumbnail_url in /Users/milfuegos/Sites/msm-dev/app/public/wp-content/themes/msm/templates/sections/home_news.php on line 86
[17-May-2025 16:50:40 UTC] PHP Warning:  Undefined variable $thumbnail_url in /Users/milfuegos/Sites/msm-dev/app/public/wp-content/themes/msm/templates/sections/home_news.php on line 86
[17-May-2025 16:50:40 UTC] PHP Warning:  Undefined variable $thumbnail_url in /Users/milfuegos/Sites/msm-dev/app/public/wp-content/themes/msm/templates/sections/home_news.php on line 33
[17-May-2025 16:50:40 UTC] PHP Warning:  Undefined variable $thumbnail_url in /Users/milfuegos/Sites/msm-dev/app/public/wp-content/themes/msm/templates/sections/home_news.php on line 33
[17-May-2025 16:50:40 UTC] PHP Warning:  Undefined variable $thumbnail_url in /Users/milfuegos/Sites/msm-dev/app/public/wp-content/themes/msm/templates/sections/home_news.php on line 86
[17-May-2025 16:50:40 UTC] PHP Warning:  Undefined variable $thumbnail_url in /Users/milfuegos/Sites/msm-dev/app/public/wp-content/themes/msm/templates/sections/home_news.php on line 86
[17-May-2025 16:50:40 UTC] PHP Warning:  Undefined variable $thumbnail_url in /Users/milfuegos/Sites/msm-dev/app/public/wp-content/themes/msm/templates/sections/home_news.php on line 33
[17-May-2025 16:50:40 UTC] PHP Warning:  Undefined variable $thumbnail_url in /Users/milfuegos/Sites/msm-dev/app/public/wp-content/themes/msm/templates/sections/home_news.php on line 86
[17-May-2025 16:50:40 UTC] PHP Warning:  Undefined variable $thumbnail_url in /Users/milfuegos/Sites/msm-dev/app/public/wp-content/themes/msm/templates/sections/home_news.php on line 33
[17-May-2025 16:50:40 UTC] PHP Warning:  Undefined variable $thumbnail_url in /Users/milfuegos/Sites/msm-dev/app/public/wp-content/themes/msm/templates/sections/home_news.php on line 86
[17-May-2025 16:50:41 UTC] PHP Warning:  Undefined variable $thumbnail_url in /Users/milfuegos/Sites/msm-dev/app/public/wp-content/themes/msm/templates/sections/home_news.php on line 33
[17-May-2025 16:50:41 UTC] PHP Warning:  Undefined variable $thumbnail_url in /Users/milfuegos/Sites/msm-dev/app/public/wp-content/themes/msm/templates/sections/home_news.php on line 86
[17-May-2025 16:50:43 UTC] PHP Warning:  Undefined variable $thumbnail_url in /Users/milfuegos/Sites/msm-dev/app/public/wp-content/themes/msm/templates/sections/home_news.php on line 33
[17-May-2025 16:50:43 UTC] PHP Warning:  Undefined variable $thumbnail_url in /Users/milfuegos/Sites/msm-dev/app/public/wp-content/themes/msm/templates/sections/home_news.php on line 86
[17-May-2025 16:50:43 UTC] PHP Warning:  Undefined variable $thumbnail_url in /Users/milfuegos/Sites/msm-dev/app/public/wp-content/themes/msm/templates/sections/home_news.php on line 33
[17-May-2025 16:50:43 UTC] PHP Warning:  Undefined variable $thumbnail_url in /Users/milfuegos/Sites/msm-dev/app/public/wp-content/themes/msm/templates/sections/home_news.php on line 86
[17-May-2025 16:50:44 UTC] PHP Warning:  Undefined variable $thumbnail_url in /Users/milfuegos/Sites/msm-dev/app/public/wp-content/themes/msm/templates/sections/home_news.php on line 33
[17-May-2025 16:50:44 UTC] PHP Warning:  Undefined variable $thumbnail_url in /Users/milfuegos/Sites/msm-dev/app/public/wp-content/themes/msm/templates/sections/home_news.php on line 86
[17-May-2025 16:50:44 UTC] PHP Warning:  Undefined variable $thumbnail_url in /Users/milfuegos/Sites/msm-dev/app/public/wp-content/themes/msm/templates/sections/home_news.php on line 33
[17-May-2025 16:50:44 UTC] PHP Warning:  Undefined variable $thumbnail_url in /Users/milfuegos/Sites/msm-dev/app/public/wp-content/themes/msm/templates/sections/home_news.php on line 86
[17-May-2025 16:51:20 UTC] PHP Warning:  Undefined variable $thumbnail_url in /Users/milfuegos/Sites/msm-dev/app/public/wp-content/themes/msm/templates/sections/home_news.php on line 33
[17-May-2025 16:51:20 UTC] PHP Warning:  Undefined variable $thumbnail_url in /Users/milfuegos/Sites/msm-dev/app/public/wp-content/themes/msm/templates/sections/home_news.php on line 33
[17-May-2025 16:51:20 UTC] PHP Warning:  Undefined variable $thumbnail_url in /Users/milfuegos/Sites/msm-dev/app/public/wp-content/themes/msm/templates/sections/home_news.php on line 86
[17-May-2025 16:51:20 UTC] PHP Warning:  Undefined variable $thumbnail_url in /Users/milfuegos/Sites/msm-dev/app/public/wp-content/themes/msm/templates/sections/home_news.php on line 86
[17-May-2025 16:51:23 UTC] PHP Warning:  Undefined variable $thumbnail_url in /Users/milfuegos/Sites/msm-dev/app/public/wp-content/themes/msm/templates/sections/home_news.php on line 33
[17-May-2025 16:51:23 UTC] PHP Warning:  Undefined variable $thumbnail_url in /Users/milfuegos/Sites/msm-dev/app/public/wp-content/themes/msm/templates/sections/home_news.php on line 33
[17-May-2025 16:51:23 UTC] PHP Warning:  Undefined variable $thumbnail_url in /Users/milfuegos/Sites/msm-dev/app/public/wp-content/themes/msm/templates/sections/home_news.php on line 86
[17-May-2025 16:51:23 UTC] PHP Warning:  Undefined variable $thumbnail_url in /Users/milfuegos/Sites/msm-dev/app/public/wp-content/themes/msm/templates/sections/home_news.php on line 86
[17-May-2025 16:51:26 UTC] PHP Warning:  Undefined variable $thumbnail_url in /Users/milfuegos/Sites/msm-dev/app/public/wp-content/themes/msm/templates/sections/home_news.php on line 33
[17-May-2025 16:51:26 UTC] PHP Warning:  Undefined variable $thumbnail_url in /Users/milfuegos/Sites/msm-dev/app/public/wp-content/themes/msm/templates/sections/home_news.php on line 86
[17-May-2025 16:51:26 UTC] PHP Warning:  Undefined variable $thumbnail_url in /Users/milfuegos/Sites/msm-dev/app/public/wp-content/themes/msm/templates/sections/home_news.php on line 33
[17-May-2025 16:51:26 UTC] PHP Warning:  Undefined variable $thumbnail_url in /Users/milfuegos/Sites/msm-dev/app/public/wp-content/themes/msm/templates/sections/home_news.php on line 86
[17-May-2025 16:55:25 UTC] PHP Warning:  Undefined variable $thumbnail_url in /Users/milfuegos/Sites/msm-dev/app/public/wp-content/themes/msm/templates/sections/home_news.php on line 33
[17-May-2025 16:55:25 UTC] PHP Warning:  Undefined variable $thumbnail_url in /Users/milfuegos/Sites/msm-dev/app/public/wp-content/themes/msm/templates/sections/home_news.php on line 86
[17-May-2025 16:55:25 UTC] PHP Warning:  Undefined variable $thumbnail_url in /Users/milfuegos/Sites/msm-dev/app/public/wp-content/themes/msm/templates/sections/home_news.php on line 33
[17-May-2025 16:55:25 UTC] PHP Warning:  Undefined variable $thumbnail_url in /Users/milfuegos/Sites/msm-dev/app/public/wp-content/themes/msm/templates/sections/home_news.php on line 86
[17-May-2025 16:55:27 UTC] PHP Warning:  Undefined variable $thumbnail_url in /Users/milfuegos/Sites/msm-dev/app/public/wp-content/themes/msm/templates/sections/home_news.php on line 33
[17-May-2025 16:55:27 UTC] PHP Warning:  Undefined variable $thumbnail_url in /Users/milfuegos/Sites/msm-dev/app/public/wp-content/themes/msm/templates/sections/home_news.php on line 86
[17-May-2025 16:55:27 UTC] PHP Warning:  Undefined variable $thumbnail_url in /Users/milfuegos/Sites/msm-dev/app/public/wp-content/themes/msm/templates/sections/home_news.php on line 33
[17-May-2025 16:55:27 UTC] PHP Warning:  Undefined variable $thumbnail_url in /Users/milfuegos/Sites/msm-dev/app/public/wp-content/themes/msm/templates/sections/home_news.php on line 86
[17-May-2025 16:55:27 UTC] PHP Warning:  Undefined variable $thumbnail_url in /Users/milfuegos/Sites/msm-dev/app/public/wp-content/themes/msm/templates/sections/home_news.php on line 33
[17-May-2025 16:55:27 UTC] PHP Warning:  Undefined variable $thumbnail_url in /Users/milfuegos/Sites/msm-dev/app/public/wp-content/themes/msm/templates/sections/home_news.php on line 86
[17-May-2025 16:55:27 UTC] PHP Warning:  Undefined variable $thumbnail_url in /Users/milfuegos/Sites/msm-dev/app/public/wp-content/themes/msm/templates/sections/home_news.php on line 33
[17-May-2025 16:55:27 UTC] PHP Warning:  Undefined variable $thumbnail_url in /Users/milfuegos/Sites/msm-dev/app/public/wp-content/themes/msm/templates/sections/home_news.php on line 33
[17-May-2025 16:55:27 UTC] PHP Warning:  Undefined variable $thumbnail_url in /Users/milfuegos/Sites/msm-dev/app/public/wp-content/themes/msm/templates/sections/home_news.php on line 86
[17-May-2025 16:55:27 UTC] PHP Warning:  Undefined variable $thumbnail_url in /Users/milfuegos/Sites/msm-dev/app/public/wp-content/themes/msm/templates/sections/home_news.php on line 86
[17-May-2025 16:55:27 UTC] PHP Warning:  Undefined variable $thumbnail_url in /Users/milfuegos/Sites/msm-dev/app/public/wp-content/themes/msm/templates/sections/home_news.php on line 33
[17-May-2025 16:55:27 UTC] PHP Warning:  Undefined variable $thumbnail_url in /Users/milfuegos/Sites/msm-dev/app/public/wp-content/themes/msm/templates/sections/home_news.php on line 33
[17-May-2025 16:55:27 UTC] PHP Warning:  Undefined variable $thumbnail_url in /Users/milfuegos/Sites/msm-dev/app/public/wp-content/themes/msm/templates/sections/home_news.php on line 86
[17-May-2025 16:55:27 UTC] PHP Warning:  Undefined variable $thumbnail_url in /Users/milfuegos/Sites/msm-dev/app/public/wp-content/themes/msm/templates/sections/home_news.php on line 86
[17-May-2025 16:55:28 UTC] PHP Warning:  Undefined variable $thumbnail_url in /Users/milfuegos/Sites/msm-dev/app/public/wp-content/themes/msm/templates/sections/home_news.php on line 33
[17-May-2025 16:55:28 UTC] PHP Warning:  Undefined variable $thumbnail_url in /Users/milfuegos/Sites/msm-dev/app/public/wp-content/themes/msm/templates/sections/home_news.php on line 33
[17-May-2025 16:55:28 UTC] PHP Warning:  Undefined variable $thumbnail_url in /Users/milfuegos/Sites/msm-dev/app/public/wp-content/themes/msm/templates/sections/home_news.php on line 86
[17-May-2025 16:55:28 UTC] PHP Warning:  Undefined variable $thumbnail_url in /Users/milfuegos/Sites/msm-dev/app/public/wp-content/themes/msm/templates/sections/home_news.php on line 86
[17-May-2025 16:55:28 UTC] PHP Warning:  Undefined variable $thumbnail_url in /Users/milfuegos/Sites/msm-dev/app/public/wp-content/themes/msm/templates/sections/home_news.php on line 33
[17-May-2025 16:55:28 UTC] PHP Warning:  Undefined variable $thumbnail_url in /Users/milfuegos/Sites/msm-dev/app/public/wp-content/themes/msm/templates/sections/home_news.php on line 33
[17-May-2025 16:55:28 UTC] PHP Warning:  Undefined variable $thumbnail_url in /Users/milfuegos/Sites/msm-dev/app/public/wp-content/themes/msm/templates/sections/home_news.php on line 86
[17-May-2025 16:55:28 UTC] PHP Warning:  Undefined variable $thumbnail_url in /Users/milfuegos/Sites/msm-dev/app/public/wp-content/themes/msm/templates/sections/home_news.php on line 86
[17-May-2025 16:55:28 UTC] PHP Warning:  Undefined variable $thumbnail_url in /Users/milfuegos/Sites/msm-dev/app/public/wp-content/themes/msm/templates/sections/home_news.php on line 33
[17-May-2025 16:55:28 UTC] PHP Warning:  Undefined variable $thumbnail_url in /Users/milfuegos/Sites/msm-dev/app/public/wp-content/themes/msm/templates/sections/home_news.php on line 86
[17-May-2025 16:55:28 UTC] PHP Warning:  Undefined variable $thumbnail_url in /Users/milfuegos/Sites/msm-dev/app/public/wp-content/themes/msm/templates/sections/home_news.php on line 33
[17-May-2025 16:55:28 UTC] PHP Warning:  Undefined variable $thumbnail_url in /Users/milfuegos/Sites/msm-dev/app/public/wp-content/themes/msm/templates/sections/home_news.php on line 86
[17-May-2025 16:55:28 UTC] PHP Warning:  Undefined variable $thumbnail_url in /Users/milfuegos/Sites/msm-dev/app/public/wp-content/themes/msm/templates/sections/home_news.php on line 33
[17-May-2025 16:55:28 UTC] PHP Warning:  Undefined variable $thumbnail_url in /Users/milfuegos/Sites/msm-dev/app/public/wp-content/themes/msm/templates/sections/home_news.php on line 86
[17-May-2025 16:55:28 UTC] PHP Warning:  Undefined variable $thumbnail_url in /Users/milfuegos/Sites/msm-dev/app/public/wp-content/themes/msm/templates/sections/home_news.php on line 33
[17-May-2025 16:55:28 UTC] PHP Warning:  Undefined variable $thumbnail_url in /Users/milfuegos/Sites/msm-dev/app/public/wp-content/themes/msm/templates/sections/home_news.php on line 86
[17-May-2025 16:55:29 UTC] PHP Warning:  Undefined variable $thumbnail_url in /Users/milfuegos/Sites/msm-dev/app/public/wp-content/themes/msm/templates/sections/home_news.php on line 33
[17-May-2025 16:55:29 UTC] PHP Warning:  Undefined variable $thumbnail_url in /Users/milfuegos/Sites/msm-dev/app/public/wp-content/themes/msm/templates/sections/home_news.php on line 86
[17-May-2025 16:55:29 UTC] PHP Warning:  Undefined variable $thumbnail_url in /Users/milfuegos/Sites/msm-dev/app/public/wp-content/themes/msm/templates/sections/home_news.php on line 33
[17-May-2025 16:55:29 UTC] PHP Warning:  Undefined variable $thumbnail_url in /Users/milfuegos/Sites/msm-dev/app/public/wp-content/themes/msm/templates/sections/home_news.php on line 86
[17-May-2025 16:55:29 UTC] PHP Warning:  Undefined variable $thumbnail_url in /Users/milfuegos/Sites/msm-dev/app/public/wp-content/themes/msm/templates/sections/home_news.php on line 33
[17-May-2025 16:55:29 UTC] PHP Warning:  Undefined variable $thumbnail_url in /Users/milfuegos/Sites/msm-dev/app/public/wp-content/themes/msm/templates/sections/home_news.php on line 86
[17-May-2025 16:55:29 UTC] PHP Warning:  Undefined variable $thumbnail_url in /Users/milfuegos/Sites/msm-dev/app/public/wp-content/themes/msm/templates/sections/home_news.php on line 33
[17-May-2025 16:55:29 UTC] PHP Warning:  Undefined variable $thumbnail_url in /Users/milfuegos/Sites/msm-dev/app/public/wp-content/themes/msm/templates/sections/home_news.php on line 86
[17-May-2025 16:55:29 UTC] PHP Warning:  Undefined variable $thumbnail_url in /Users/milfuegos/Sites/msm-dev/app/public/wp-content/themes/msm/templates/sections/home_news.php on line 33
[17-May-2025 16:55:29 UTC] PHP Warning:  Undefined variable $thumbnail_url in /Users/milfuegos/Sites/msm-dev/app/public/wp-content/themes/msm/templates/sections/home_news.php on line 86
[17-May-2025 16:55:29 UTC] PHP Warning:  Undefined variable $thumbnail_url in /Users/milfuegos/Sites/msm-dev/app/public/wp-content/themes/msm/templates/sections/home_news.php on line 33
[17-May-2025 16:55:29 UTC] PHP Warning:  Undefined variable $thumbnail_url in /Users/milfuegos/Sites/msm-dev/app/public/wp-content/themes/msm/templates/sections/home_news.php on line 86
[17-May-2025 16:55:30 UTC] PHP Warning:  Undefined variable $thumbnail_url in /Users/milfuegos/Sites/msm-dev/app/public/wp-content/themes/msm/templates/sections/home_news.php on line 33
[17-May-2025 16:55:30 UTC] PHP Warning:  Undefined variable $thumbnail_url in /Users/milfuegos/Sites/msm-dev/app/public/wp-content/themes/msm/templates/sections/home_news.php on line 86
[17-May-2025 16:55:30 UTC] PHP Warning:  Undefined variable $thumbnail_url in /Users/milfuegos/Sites/msm-dev/app/public/wp-content/themes/msm/templates/sections/home_news.php on line 33
[17-May-2025 16:55:30 UTC] PHP Warning:  Undefined variable $thumbnail_url in /Users/milfuegos/Sites/msm-dev/app/public/wp-content/themes/msm/templates/sections/home_news.php on line 33
[17-May-2025 16:55:30 UTC] PHP Warning:  Undefined variable $thumbnail_url in /Users/milfuegos/Sites/msm-dev/app/public/wp-content/themes/msm/templates/sections/home_news.php on line 86
[17-May-2025 16:55:30 UTC] PHP Warning:  Undefined variable $thumbnail_url in /Users/milfuegos/Sites/msm-dev/app/public/wp-content/themes/msm/templates/sections/home_news.php on line 86
[17-May-2025 16:55:30 UTC] PHP Warning:  Undefined variable $thumbnail_url in /Users/milfuegos/Sites/msm-dev/app/public/wp-content/themes/msm/templates/sections/home_news.php on line 33
[17-May-2025 16:55:30 UTC] PHP Warning:  Undefined variable $thumbnail_url in /Users/milfuegos/Sites/msm-dev/app/public/wp-content/themes/msm/templates/sections/home_news.php on line 86
[17-May-2025 16:55:30 UTC] PHP Warning:  Undefined variable $thumbnail_url in /Users/milfuegos/Sites/msm-dev/app/public/wp-content/themes/msm/templates/sections/home_news.php on line 33
[17-May-2025 16:55:30 UTC] PHP Warning:  Undefined variable $thumbnail_url in /Users/milfuegos/Sites/msm-dev/app/public/wp-content/themes/msm/templates/sections/home_news.php on line 86
[17-May-2025 16:55:30 UTC] PHP Warning:  Undefined variable $thumbnail_url in /Users/milfuegos/Sites/msm-dev/app/public/wp-content/themes/msm/templates/sections/home_news.php on line 33
[17-May-2025 16:55:30 UTC] PHP Warning:  Undefined variable $thumbnail_url in /Users/milfuegos/Sites/msm-dev/app/public/wp-content/themes/msm/templates/sections/home_news.php on line 33
[17-May-2025 16:55:30 UTC] PHP Warning:  Undefined variable $thumbnail_url in /Users/milfuegos/Sites/msm-dev/app/public/wp-content/themes/msm/templates/sections/home_news.php on line 86
[17-May-2025 16:55:30 UTC] PHP Warning:  Undefined variable $thumbnail_url in /Users/milfuegos/Sites/msm-dev/app/public/wp-content/themes/msm/templates/sections/home_news.php on line 86
[17-May-2025 16:55:30 UTC] PHP Warning:  Undefined variable $thumbnail_url in /Users/milfuegos/Sites/msm-dev/app/public/wp-content/themes/msm/templates/sections/home_news.php on line 33
[17-May-2025 16:55:30 UTC] PHP Warning:  Undefined variable $thumbnail_url in /Users/milfuegos/Sites/msm-dev/app/public/wp-content/themes/msm/templates/sections/home_news.php on line 86
[17-May-2025 16:55:30 UTC] PHP Warning:  Undefined variable $thumbnail_url in /Users/milfuegos/Sites/msm-dev/app/public/wp-content/themes/msm/templates/sections/home_news.php on line 33
[17-May-2025 16:55:30 UTC] PHP Warning:  Undefined variable $thumbnail_url in /Users/milfuegos/Sites/msm-dev/app/public/wp-content/themes/msm/templates/sections/home_news.php on line 86
[17-May-2025 16:55:31 UTC] PHP Warning:  Undefined variable $thumbnail_url in /Users/milfuegos/Sites/msm-dev/app/public/wp-content/themes/msm/templates/sections/home_news.php on line 33
[17-May-2025 16:55:31 UTC] PHP Warning:  Undefined variable $thumbnail_url in /Users/milfuegos/Sites/msm-dev/app/public/wp-content/themes/msm/templates/sections/home_news.php on line 33
[17-May-2025 16:55:31 UTC] PHP Warning:  Undefined variable $thumbnail_url in /Users/milfuegos/Sites/msm-dev/app/public/wp-content/themes/msm/templates/sections/home_news.php on line 86
[17-May-2025 16:55:31 UTC] PHP Warning:  Undefined variable $thumbnail_url in /Users/milfuegos/Sites/msm-dev/app/public/wp-content/themes/msm/templates/sections/home_news.php on line 86
[17-May-2025 16:55:31 UTC] PHP Warning:  Undefined variable $thumbnail_url in /Users/milfuegos/Sites/msm-dev/app/public/wp-content/themes/msm/templates/sections/home_news.php on line 33
[17-May-2025 16:55:31 UTC] PHP Warning:  Undefined variable $thumbnail_url in /Users/milfuegos/Sites/msm-dev/app/public/wp-content/themes/msm/templates/sections/home_news.php on line 86
[17-May-2025 16:55:31 UTC] PHP Warning:  Undefined variable $thumbnail_url in /Users/milfuegos/Sites/msm-dev/app/public/wp-content/themes/msm/templates/sections/home_news.php on line 33
[17-May-2025 16:55:31 UTC] PHP Warning:  Undefined variable $thumbnail_url in /Users/milfuegos/Sites/msm-dev/app/public/wp-content/themes/msm/templates/sections/home_news.php on line 86
[17-May-2025 16:55:31 UTC] PHP Warning:  Undefined variable $thumbnail_url in /Users/milfuegos/Sites/msm-dev/app/public/wp-content/themes/msm/templates/sections/home_news.php on line 33
[17-May-2025 16:55:31 UTC] PHP Warning:  Undefined variable $thumbnail_url in /Users/milfuegos/Sites/msm-dev/app/public/wp-content/themes/msm/templates/sections/home_news.php on line 86
[17-May-2025 16:55:35 UTC] PHP Warning:  Undefined variable $thumbnail_url in /Users/milfuegos/Sites/msm-dev/app/public/wp-content/themes/msm/templates/sections/home_news.php on line 33
[17-May-2025 16:55:35 UTC] PHP Warning:  Undefined variable $thumbnail_url in /Users/milfuegos/Sites/msm-dev/app/public/wp-content/themes/msm/templates/sections/home_news.php on line 86
[17-May-2025 16:55:35 UTC] PHP Warning:  Undefined variable $thumbnail_url in /Users/milfuegos/Sites/msm-dev/app/public/wp-content/themes/msm/templates/sections/home_news.php on line 33
[17-May-2025 16:55:35 UTC] PHP Warning:  Undefined variable $thumbnail_url in /Users/milfuegos/Sites/msm-dev/app/public/wp-content/themes/msm/templates/sections/home_news.php on line 86
[17-May-2025 16:55:35 UTC] PHP Warning:  Undefined variable $thumbnail_url in /Users/milfuegos/Sites/msm-dev/app/public/wp-content/themes/msm/templates/sections/home_news.php on line 33
[17-May-2025 16:55:35 UTC] PHP Warning:  Undefined variable $thumbnail_url in /Users/milfuegos/Sites/msm-dev/app/public/wp-content/themes/msm/templates/sections/home_news.php on line 86
[17-May-2025 16:55:36 UTC] PHP Warning:  Undefined variable $thumbnail_url in /Users/milfuegos/Sites/msm-dev/app/public/wp-content/themes/msm/templates/sections/home_news.php on line 33
[17-May-2025 16:55:36 UTC] PHP Warning:  Undefined variable $thumbnail_url in /Users/milfuegos/Sites/msm-dev/app/public/wp-content/themes/msm/templates/sections/home_news.php on line 86
[17-May-2025 16:56:20 UTC] PHP Warning:  Undefined variable $thumbnail_url in /Users/milfuegos/Sites/msm-dev/app/public/wp-content/themes/msm/templates/sections/home_news.php on line 33
[17-May-2025 16:56:20 UTC] PHP Warning:  Undefined variable $thumbnail_url in /Users/milfuegos/Sites/msm-dev/app/public/wp-content/themes/msm/templates/sections/home_news.php on line 86
[17-May-2025 16:56:21 UTC] PHP Warning:  Undefined variable $thumbnail_url in /Users/milfuegos/Sites/msm-dev/app/public/wp-content/themes/msm/templates/sections/home_news.php on line 33
[17-May-2025 16:56:21 UTC] PHP Warning:  Undefined variable $thumbnail_url in /Users/milfuegos/Sites/msm-dev/app/public/wp-content/themes/msm/templates/sections/home_news.php on line 86
[17-May-2025 16:56:21 UTC] PHP Warning:  Undefined variable $thumbnail_url in /Users/milfuegos/Sites/msm-dev/app/public/wp-content/themes/msm/templates/sections/home_news.php on line 33
[17-May-2025 16:56:21 UTC] PHP Warning:  Undefined variable $thumbnail_url in /Users/milfuegos/Sites/msm-dev/app/public/wp-content/themes/msm/templates/sections/home_news.php on line 86
[17-May-2025 16:56:21 UTC] PHP Warning:  Undefined variable $thumbnail_url in /Users/milfuegos/Sites/msm-dev/app/public/wp-content/themes/msm/templates/sections/home_news.php on line 33
[17-May-2025 16:56:21 UTC] PHP Warning:  Undefined variable $thumbnail_url in /Users/milfuegos/Sites/msm-dev/app/public/wp-content/themes/msm/templates/sections/home_news.php on line 86
[17-May-2025 16:56:21 UTC] PHP Warning:  Undefined variable $thumbnail_url in /Users/milfuegos/Sites/msm-dev/app/public/wp-content/themes/msm/templates/sections/home_news.php on line 33
[17-May-2025 16:56:21 UTC] PHP Warning:  Undefined variable $thumbnail_url in /Users/milfuegos/Sites/msm-dev/app/public/wp-content/themes/msm/templates/sections/home_news.php on line 86
[17-May-2025 16:56:22 UTC] PHP Warning:  Undefined variable $thumbnail_url in /Users/milfuegos/Sites/msm-dev/app/public/wp-content/themes/msm/templates/sections/home_news.php on line 33
[17-May-2025 16:56:22 UTC] PHP Warning:  Undefined variable $thumbnail_url in /Users/milfuegos/Sites/msm-dev/app/public/wp-content/themes/msm/templates/sections/home_news.php on line 86
[17-May-2025 16:56:22 UTC] PHP Warning:  Undefined variable $thumbnail_url in /Users/milfuegos/Sites/msm-dev/app/public/wp-content/themes/msm/templates/sections/home_news.php on line 33
[17-May-2025 16:56:22 UTC] PHP Warning:  Undefined variable $thumbnail_url in /Users/milfuegos/Sites/msm-dev/app/public/wp-content/themes/msm/templates/sections/home_news.php on line 86
[17-May-2025 16:56:22 UTC] PHP Warning:  Undefined variable $thumbnail_url in /Users/milfuegos/Sites/msm-dev/app/public/wp-content/themes/msm/templates/sections/home_news.php on line 33
[17-May-2025 16:56:22 UTC] PHP Warning:  Undefined variable $thumbnail_url in /Users/milfuegos/Sites/msm-dev/app/public/wp-content/themes/msm/templates/sections/home_news.php on line 86
[17-May-2025 16:56:22 UTC] PHP Warning:  Undefined variable $thumbnail_url in /Users/milfuegos/Sites/msm-dev/app/public/wp-content/themes/msm/templates/sections/home_news.php on line 33
[17-May-2025 16:56:22 UTC] PHP Warning:  Undefined variable $thumbnail_url in /Users/milfuegos/Sites/msm-dev/app/public/wp-content/themes/msm/templates/sections/home_news.php on line 86
[17-May-2025 16:56:22 UTC] PHP Warning:  Undefined variable $thumbnail_url in /Users/milfuegos/Sites/msm-dev/app/public/wp-content/themes/msm/templates/sections/home_news.php on line 33
[17-May-2025 16:56:22 UTC] PHP Warning:  Undefined variable $thumbnail_url in /Users/milfuegos/Sites/msm-dev/app/public/wp-content/themes/msm/templates/sections/home_news.php on line 86
[17-May-2025 16:56:22 UTC] PHP Warning:  Undefined variable $thumbnail_url in /Users/milfuegos/Sites/msm-dev/app/public/wp-content/themes/msm/templates/sections/home_news.php on line 33
[17-May-2025 16:56:22 UTC] PHP Warning:  Undefined variable $thumbnail_url in /Users/milfuegos/Sites/msm-dev/app/public/wp-content/themes/msm/templates/sections/home_news.php on line 86
[17-May-2025 16:56:22 UTC] PHP Warning:  Undefined variable $thumbnail_url in /Users/milfuegos/Sites/msm-dev/app/public/wp-content/themes/msm/templates/sections/home_news.php on line 33
[17-May-2025 16:56:22 UTC] PHP Warning:  Undefined variable $thumbnail_url in /Users/milfuegos/Sites/msm-dev/app/public/wp-content/themes/msm/templates/sections/home_news.php on line 86
[17-May-2025 16:56:22 UTC] PHP Warning:  Undefined variable $thumbnail_url in /Users/milfuegos/Sites/msm-dev/app/public/wp-content/themes/msm/templates/sections/home_news.php on line 33
[17-May-2025 16:56:22 UTC] PHP Warning:  Undefined variable $thumbnail_url in /Users/milfuegos/Sites/msm-dev/app/public/wp-content/themes/msm/templates/sections/home_news.php on line 86
[17-May-2025 16:56:23 UTC] PHP Warning:  Undefined variable $thumbnail_url in /Users/milfuegos/Sites/msm-dev/app/public/wp-content/themes/msm/templates/sections/home_news.php on line 33
[17-May-2025 16:56:23 UTC] PHP Warning:  Undefined variable $thumbnail_url in /Users/milfuegos/Sites/msm-dev/app/public/wp-content/themes/msm/templates/sections/home_news.php on line 86
[17-May-2025 16:56:31 UTC] PHP Warning:  Undefined variable $thumbnail_url in /Users/milfuegos/Sites/msm-dev/app/public/wp-content/themes/msm/templates/sections/home_news.php on line 33
[17-May-2025 16:56:31 UTC] PHP Warning:  Undefined variable $thumbnail_url in /Users/milfuegos/Sites/msm-dev/app/public/wp-content/themes/msm/templates/sections/home_news.php on line 86
[17-May-2025 16:56:32 UTC] PHP Warning:  Undefined variable $thumbnail_url in /Users/milfuegos/Sites/msm-dev/app/public/wp-content/themes/msm/templates/sections/home_news.php on line 33
[17-May-2025 16:56:32 UTC] PHP Warning:  Undefined variable $thumbnail_url in /Users/milfuegos/Sites/msm-dev/app/public/wp-content/themes/msm/templates/sections/home_news.php on line 86
[17-May-2025 16:56:32 UTC] PHP Warning:  Undefined variable $thumbnail_url in /Users/milfuegos/Sites/msm-dev/app/public/wp-content/themes/msm/templates/sections/home_news.php on line 33
[17-May-2025 16:56:32 UTC] PHP Warning:  Undefined variable $thumbnail_url in /Users/milfuegos/Sites/msm-dev/app/public/wp-content/themes/msm/templates/sections/home_news.php on line 86
[17-May-2025 16:56:32 UTC] PHP Warning:  Undefined variable $thumbnail_url in /Users/milfuegos/Sites/msm-dev/app/public/wp-content/themes/msm/templates/sections/home_news.php on line 33
[17-May-2025 16:56:32 UTC] PHP Warning:  Undefined variable $thumbnail_url in /Users/milfuegos/Sites/msm-dev/app/public/wp-content/themes/msm/templates/sections/home_news.php on line 86
[17-May-2025 16:56:32 UTC] PHP Warning:  Undefined variable $thumbnail_url in /Users/milfuegos/Sites/msm-dev/app/public/wp-content/themes/msm/templates/sections/home_news.php on line 33
[17-May-2025 16:56:32 UTC] PHP Warning:  Undefined variable $thumbnail_url in /Users/milfuegos/Sites/msm-dev/app/public/wp-content/themes/msm/templates/sections/home_news.php on line 86
[17-May-2025 16:56:33 UTC] PHP Warning:  Undefined variable $thumbnail_url in /Users/milfuegos/Sites/msm-dev/app/public/wp-content/themes/msm/templates/sections/home_news.php on line 33
[17-May-2025 16:56:33 UTC] PHP Warning:  Undefined variable $thumbnail_url in /Users/milfuegos/Sites/msm-dev/app/public/wp-content/themes/msm/templates/sections/home_news.php on line 86
[17-May-2025 16:56:33 UTC] PHP Warning:  Undefined variable $thumbnail_url in /Users/milfuegos/Sites/msm-dev/app/public/wp-content/themes/msm/templates/sections/home_news.php on line 33
[17-May-2025 16:56:33 UTC] PHP Warning:  Undefined variable $thumbnail_url in /Users/milfuegos/Sites/msm-dev/app/public/wp-content/themes/msm/templates/sections/home_news.php on line 86
[17-May-2025 16:56:33 UTC] PHP Warning:  Undefined variable $thumbnail_url in /Users/milfuegos/Sites/msm-dev/app/public/wp-content/themes/msm/templates/sections/home_news.php on line 33
[17-May-2025 16:56:33 UTC] PHP Warning:  Undefined variable $thumbnail_url in /Users/milfuegos/Sites/msm-dev/app/public/wp-content/themes/msm/templates/sections/home_news.php on line 86
[17-May-2025 16:56:33 UTC] PHP Warning:  Undefined variable $thumbnail_url in /Users/milfuegos/Sites/msm-dev/app/public/wp-content/themes/msm/templates/sections/home_news.php on line 33
[17-May-2025 16:56:33 UTC] PHP Warning:  Undefined variable $thumbnail_url in /Users/milfuegos/Sites/msm-dev/app/public/wp-content/themes/msm/templates/sections/home_news.php on line 86
[17-May-2025 16:56:33 UTC] PHP Warning:  Undefined variable $thumbnail_url in /Users/milfuegos/Sites/msm-dev/app/public/wp-content/themes/msm/templates/sections/home_news.php on line 33
[17-May-2025 16:56:33 UTC] PHP Warning:  Undefined variable $thumbnail_url in /Users/milfuegos/Sites/msm-dev/app/public/wp-content/themes/msm/templates/sections/home_news.php on line 86
[17-May-2025 16:56:33 UTC] PHP Warning:  Undefined variable $thumbnail_url in /Users/milfuegos/Sites/msm-dev/app/public/wp-content/themes/msm/templates/sections/home_news.php on line 33
[17-May-2025 16:56:33 UTC] PHP Warning:  Undefined variable $thumbnail_url in /Users/milfuegos/Sites/msm-dev/app/public/wp-content/themes/msm/templates/sections/home_news.php on line 86
[17-May-2025 16:56:33 UTC] PHP Warning:  Undefined variable $thumbnail_url in /Users/milfuegos/Sites/msm-dev/app/public/wp-content/themes/msm/templates/sections/home_news.php on line 33
[17-May-2025 16:56:33 UTC] PHP Warning:  Undefined variable $thumbnail_url in /Users/milfuegos/Sites/msm-dev/app/public/wp-content/themes/msm/templates/sections/home_news.php on line 86
[17-May-2025 16:56:33 UTC] PHP Warning:  Undefined variable $thumbnail_url in /Users/milfuegos/Sites/msm-dev/app/public/wp-content/themes/msm/templates/sections/home_news.php on line 33
[17-May-2025 16:56:33 UTC] PHP Warning:  Undefined variable $thumbnail_url in /Users/milfuegos/Sites/msm-dev/app/public/wp-content/themes/msm/templates/sections/home_news.php on line 86
[17-May-2025 16:56:33 UTC] PHP Warning:  Undefined variable $thumbnail_url in /Users/milfuegos/Sites/msm-dev/app/public/wp-content/themes/msm/templates/sections/home_news.php on line 33
[17-May-2025 16:56:33 UTC] PHP Warning:  Undefined variable $thumbnail_url in /Users/milfuegos/Sites/msm-dev/app/public/wp-content/themes/msm/templates/sections/home_news.php on line 86
[17-May-2025 16:57:50 UTC] PHP Warning:  Undefined variable $thumbnail_url in /Users/milfuegos/Sites/msm-dev/app/public/wp-content/themes/msm/templates/sections/home_news.php on line 33
[17-May-2025 16:57:50 UTC] PHP Warning:  Undefined variable $thumbnail_url in /Users/milfuegos/Sites/msm-dev/app/public/wp-content/themes/msm/templates/sections/home_news.php on line 86
[17-May-2025 16:57:50 UTC] PHP Warning:  Undefined variable $thumbnail_url in /Users/milfuegos/Sites/msm-dev/app/public/wp-content/themes/msm/templates/sections/home_news.php on line 33
[17-May-2025 16:57:50 UTC] PHP Warning:  Undefined variable $thumbnail_url in /Users/milfuegos/Sites/msm-dev/app/public/wp-content/themes/msm/templates/sections/home_news.php on line 86
[17-May-2025 16:57:50 UTC] PHP Warning:  Undefined variable $thumbnail_url in /Users/milfuegos/Sites/msm-dev/app/public/wp-content/themes/msm/templates/sections/home_news.php on line 33
[17-May-2025 16:57:50 UTC] PHP Warning:  Undefined variable $thumbnail_url in /Users/milfuegos/Sites/msm-dev/app/public/wp-content/themes/msm/templates/sections/home_news.php on line 86
[17-May-2025 16:57:51 UTC] PHP Warning:  Undefined variable $thumbnail_url in /Users/milfuegos/Sites/msm-dev/app/public/wp-content/themes/msm/templates/sections/home_news.php on line 33
[17-May-2025 16:57:51 UTC] PHP Warning:  Undefined variable $thumbnail_url in /Users/milfuegos/Sites/msm-dev/app/public/wp-content/themes/msm/templates/sections/home_news.php on line 86
[17-May-2025 16:57:51 UTC] PHP Warning:  Undefined variable $thumbnail_url in /Users/milfuegos/Sites/msm-dev/app/public/wp-content/themes/msm/templates/sections/home_news.php on line 33
[17-May-2025 16:57:51 UTC] PHP Warning:  Undefined variable $thumbnail_url in /Users/milfuegos/Sites/msm-dev/app/public/wp-content/themes/msm/templates/sections/home_news.php on line 86
[17-May-2025 16:57:51 UTC] PHP Warning:  Undefined variable $thumbnail_url in /Users/milfuegos/Sites/msm-dev/app/public/wp-content/themes/msm/templates/sections/home_news.php on line 33
[17-May-2025 16:57:51 UTC] PHP Warning:  Undefined variable $thumbnail_url in /Users/milfuegos/Sites/msm-dev/app/public/wp-content/themes/msm/templates/sections/home_news.php on line 86
[17-May-2025 16:57:51 UTC] PHP Warning:  Undefined variable $thumbnail_url in /Users/milfuegos/Sites/msm-dev/app/public/wp-content/themes/msm/templates/sections/home_news.php on line 33
[17-May-2025 16:57:51 UTC] PHP Warning:  Undefined variable $thumbnail_url in /Users/milfuegos/Sites/msm-dev/app/public/wp-content/themes/msm/templates/sections/home_news.php on line 86
[17-May-2025 16:57:51 UTC] PHP Warning:  Undefined variable $thumbnail_url in /Users/milfuegos/Sites/msm-dev/app/public/wp-content/themes/msm/templates/sections/home_news.php on line 33
[17-May-2025 16:57:51 UTC] PHP Warning:  Undefined variable $thumbnail_url in /Users/milfuegos/Sites/msm-dev/app/public/wp-content/themes/msm/templates/sections/home_news.php on line 86
[17-May-2025 16:57:51 UTC] PHP Warning:  Undefined variable $thumbnail_url in /Users/milfuegos/Sites/msm-dev/app/public/wp-content/themes/msm/templates/sections/home_news.php on line 33
[17-May-2025 16:57:51 UTC] PHP Warning:  Undefined variable $thumbnail_url in /Users/milfuegos/Sites/msm-dev/app/public/wp-content/themes/msm/templates/sections/home_news.php on line 86
[17-May-2025 16:57:52 UTC] PHP Warning:  Undefined variable $thumbnail_url in /Users/milfuegos/Sites/msm-dev/app/public/wp-content/themes/msm/templates/sections/home_news.php on line 33
[17-May-2025 16:57:52 UTC] PHP Warning:  Undefined variable $thumbnail_url in /Users/milfuegos/Sites/msm-dev/app/public/wp-content/themes/msm/templates/sections/home_news.php on line 86
[17-May-2025 16:57:52 UTC] PHP Warning:  Undefined variable $thumbnail_url in /Users/milfuegos/Sites/msm-dev/app/public/wp-content/themes/msm/templates/sections/home_news.php on line 33
[17-May-2025 16:57:52 UTC] PHP Warning:  Undefined variable $thumbnail_url in /Users/milfuegos/Sites/msm-dev/app/public/wp-content/themes/msm/templates/sections/home_news.php on line 86
[17-May-2025 16:57:52 UTC] PHP Warning:  Undefined variable $thumbnail_url in /Users/milfuegos/Sites/msm-dev/app/public/wp-content/themes/msm/templates/sections/home_news.php on line 33
[17-May-2025 16:57:52 UTC] PHP Warning:  Undefined variable $thumbnail_url in /Users/milfuegos/Sites/msm-dev/app/public/wp-content/themes/msm/templates/sections/home_news.php on line 86
[17-May-2025 16:57:52 UTC] PHP Warning:  Undefined variable $thumbnail_url in /Users/milfuegos/Sites/msm-dev/app/public/wp-content/themes/msm/templates/sections/home_news.php on line 33
[17-May-2025 16:57:52 UTC] PHP Warning:  Undefined variable $thumbnail_url in /Users/milfuegos/Sites/msm-dev/app/public/wp-content/themes/msm/templates/sections/home_news.php on line 86
[17-May-2025 16:57:52 UTC] PHP Warning:  Undefined variable $thumbnail_url in /Users/milfuegos/Sites/msm-dev/app/public/wp-content/themes/msm/templates/sections/home_news.php on line 33
[17-May-2025 16:57:52 UTC] PHP Warning:  Undefined variable $thumbnail_url in /Users/milfuegos/Sites/msm-dev/app/public/wp-content/themes/msm/templates/sections/home_news.php on line 86
[17-May-2025 16:58:35 UTC] PHP Warning:  Undefined variable $thumbnail_url in /Users/milfuegos/Sites/msm-dev/app/public/wp-content/themes/msm/templates/sections/home_news.php on line 33
[17-May-2025 16:58:35 UTC] PHP Warning:  Undefined variable $thumbnail_url in /Users/milfuegos/Sites/msm-dev/app/public/wp-content/themes/msm/templates/sections/home_news.php on line 86
[17-May-2025 16:58:35 UTC] PHP Warning:  Undefined variable $thumbnail_url in /Users/milfuegos/Sites/msm-dev/app/public/wp-content/themes/msm/templates/sections/home_news.php on line 33
[17-May-2025 16:58:35 UTC] PHP Warning:  Undefined variable $thumbnail_url in /Users/milfuegos/Sites/msm-dev/app/public/wp-content/themes/msm/templates/sections/home_news.php on line 86
[17-May-2025 16:58:36 UTC] PHP Warning:  Undefined variable $thumbnail_url in /Users/milfuegos/Sites/msm-dev/app/public/wp-content/themes/msm/templates/sections/home_news.php on line 33
[17-May-2025 16:58:36 UTC] PHP Warning:  Undefined variable $thumbnail_url in /Users/milfuegos/Sites/msm-dev/app/public/wp-content/themes/msm/templates/sections/home_news.php on line 86
[17-May-2025 16:58:36 UTC] PHP Warning:  Undefined variable $thumbnail_url in /Users/milfuegos/Sites/msm-dev/app/public/wp-content/themes/msm/templates/sections/home_news.php on line 33
[17-May-2025 16:58:36 UTC] PHP Warning:  Undefined variable $thumbnail_url in /Users/milfuegos/Sites/msm-dev/app/public/wp-content/themes/msm/templates/sections/home_news.php on line 86
[17-May-2025 16:59:05 UTC] PHP Warning:  Undefined variable $thumbnail_url in /Users/milfuegos/Sites/msm-dev/app/public/wp-content/themes/msm/templates/sections/home_news.php on line 33
[17-May-2025 16:59:05 UTC] PHP Warning:  Undefined variable $thumbnail_url in /Users/milfuegos/Sites/msm-dev/app/public/wp-content/themes/msm/templates/sections/home_news.php on line 86
[17-May-2025 16:59:06 UTC] PHP Warning:  Undefined variable $thumbnail_url in /Users/milfuegos/Sites/msm-dev/app/public/wp-content/themes/msm/templates/sections/home_news.php on line 33
[17-May-2025 16:59:06 UTC] PHP Warning:  Undefined variable $thumbnail_url in /Users/milfuegos/Sites/msm-dev/app/public/wp-content/themes/msm/templates/sections/home_news.php on line 86
[17-May-2025 16:59:06 UTC] PHP Warning:  Undefined variable $thumbnail_url in /Users/milfuegos/Sites/msm-dev/app/public/wp-content/themes/msm/templates/sections/home_news.php on line 33
[17-May-2025 16:59:06 UTC] PHP Warning:  Undefined variable $thumbnail_url in /Users/milfuegos/Sites/msm-dev/app/public/wp-content/themes/msm/templates/sections/home_news.php on line 86
[17-May-2025 16:59:06 UTC] PHP Warning:  Undefined variable $thumbnail_url in /Users/milfuegos/Sites/msm-dev/app/public/wp-content/themes/msm/templates/sections/home_news.php on line 33
[17-May-2025 16:59:06 UTC] PHP Warning:  Undefined variable $thumbnail_url in /Users/milfuegos/Sites/msm-dev/app/public/wp-content/themes/msm/templates/sections/home_news.php on line 86
[17-May-2025 16:59:06 UTC] PHP Warning:  Undefined variable $thumbnail_url in /Users/milfuegos/Sites/msm-dev/app/public/wp-content/themes/msm/templates/sections/home_news.php on line 33
[17-May-2025 16:59:06 UTC] PHP Warning:  Undefined variable $thumbnail_url in /Users/milfuegos/Sites/msm-dev/app/public/wp-content/themes/msm/templates/sections/home_news.php on line 86
[17-May-2025 16:59:07 UTC] PHP Warning:  Undefined variable $thumbnail_url in /Users/milfuegos/Sites/msm-dev/app/public/wp-content/themes/msm/templates/sections/home_news.php on line 33
[17-May-2025 16:59:07 UTC] PHP Warning:  Undefined variable $thumbnail_url in /Users/milfuegos/Sites/msm-dev/app/public/wp-content/themes/msm/templates/sections/home_news.php on line 86
[17-May-2025 16:59:07 UTC] PHP Warning:  Undefined variable $thumbnail_url in /Users/milfuegos/Sites/msm-dev/app/public/wp-content/themes/msm/templates/sections/home_news.php on line 33
[17-May-2025 16:59:07 UTC] PHP Warning:  Undefined variable $thumbnail_url in /Users/milfuegos/Sites/msm-dev/app/public/wp-content/themes/msm/templates/sections/home_news.php on line 86
[17-May-2025 16:59:08 UTC] PHP Warning:  Undefined variable $thumbnail_url in /Users/milfuegos/Sites/msm-dev/app/public/wp-content/themes/msm/templates/sections/home_news.php on line 33
[17-May-2025 16:59:08 UTC] PHP Warning:  Undefined variable $thumbnail_url in /Users/milfuegos/Sites/msm-dev/app/public/wp-content/themes/msm/templates/sections/home_news.php on line 33
[17-May-2025 16:59:08 UTC] PHP Warning:  Undefined variable $thumbnail_url in /Users/milfuegos/Sites/msm-dev/app/public/wp-content/themes/msm/templates/sections/home_news.php on line 86
[17-May-2025 16:59:08 UTC] PHP Warning:  Undefined variable $thumbnail_url in /Users/milfuegos/Sites/msm-dev/app/public/wp-content/themes/msm/templates/sections/home_news.php on line 86
[17-May-2025 16:59:08 UTC] PHP Warning:  Undefined variable $thumbnail_url in /Users/milfuegos/Sites/msm-dev/app/public/wp-content/themes/msm/templates/sections/home_news.php on line 33
[17-May-2025 16:59:08 UTC] PHP Warning:  Undefined variable $thumbnail_url in /Users/milfuegos/Sites/msm-dev/app/public/wp-content/themes/msm/templates/sections/home_news.php on line 33
[17-May-2025 16:59:08 UTC] PHP Warning:  Undefined variable $thumbnail_url in /Users/milfuegos/Sites/msm-dev/app/public/wp-content/themes/msm/templates/sections/home_news.php on line 86
[17-May-2025 16:59:08 UTC] PHP Warning:  Undefined variable $thumbnail_url in /Users/milfuegos/Sites/msm-dev/app/public/wp-content/themes/msm/templates/sections/home_news.php on line 86
[17-May-2025 16:59:09 UTC] PHP Warning:  Undefined variable $thumbnail_url in /Users/milfuegos/Sites/msm-dev/app/public/wp-content/themes/msm/templates/sections/home_news.php on line 33
[17-May-2025 16:59:09 UTC] PHP Warning:  Undefined variable $thumbnail_url in /Users/milfuegos/Sites/msm-dev/app/public/wp-content/themes/msm/templates/sections/home_news.php on line 33
[17-May-2025 16:59:09 UTC] PHP Warning:  Undefined variable $thumbnail_url in /Users/milfuegos/Sites/msm-dev/app/public/wp-content/themes/msm/templates/sections/home_news.php on line 86
[17-May-2025 16:59:09 UTC] PHP Warning:  Undefined variable $thumbnail_url in /Users/milfuegos/Sites/msm-dev/app/public/wp-content/themes/msm/templates/sections/home_news.php on line 86
[17-May-2025 16:59:09 UTC] PHP Warning:  Undefined variable $thumbnail_url in /Users/milfuegos/Sites/msm-dev/app/public/wp-content/themes/msm/templates/sections/home_news.php on line 33
[17-May-2025 16:59:09 UTC] PHP Warning:  Undefined variable $thumbnail_url in /Users/milfuegos/Sites/msm-dev/app/public/wp-content/themes/msm/templates/sections/home_news.php on line 86
[17-May-2025 19:30:15 UTC] PHP Warning:  Undefined variable $thumbnail_url in /Users/milfuegos/Sites/msm-dev/app/public/wp-content/themes/msm/templates/sections/home_news.php on line 33
[17-May-2025 19:30:15 UTC] PHP Warning:  Undefined variable $thumbnail_url in /Users/milfuegos/Sites/msm-dev/app/public/wp-content/themes/msm/templates/sections/home_news.php on line 86
[17-May-2025 19:30:15 UTC] PHP Warning:  Undefined variable $thumbnail_url in /Users/milfuegos/Sites/msm-dev/app/public/wp-content/themes/msm/templates/sections/home_news.php on line 33
[17-May-2025 19:30:15 UTC] PHP Warning:  Undefined variable $thumbnail_url in /Users/milfuegos/Sites/msm-dev/app/public/wp-content/themes/msm/templates/sections/home_news.php on line 86
[17-May-2025 19:30:16 UTC] PHP Warning:  Undefined variable $thumbnail_url in /Users/milfuegos/Sites/msm-dev/app/public/wp-content/themes/msm/templates/sections/home_news.php on line 33
[17-May-2025 19:30:16 UTC] PHP Warning:  Undefined variable $thumbnail_url in /Users/milfuegos/Sites/msm-dev/app/public/wp-content/themes/msm/templates/sections/home_news.php on line 86
[17-May-2025 19:30:17 UTC] PHP Warning:  Undefined variable $thumbnail_url in /Users/milfuegos/Sites/msm-dev/app/public/wp-content/themes/msm/templates/sections/home_news.php on line 33
[17-May-2025 19:30:17 UTC] PHP Warning:  Undefined variable $thumbnail_url in /Users/milfuegos/Sites/msm-dev/app/public/wp-content/themes/msm/templates/sections/home_news.php on line 86
[17-May-2025 19:30:17 UTC] PHP Warning:  Undefined variable $thumbnail_url in /Users/milfuegos/Sites/msm-dev/app/public/wp-content/themes/msm/templates/sections/home_news.php on line 33
[17-May-2025 19:30:17 UTC] PHP Warning:  Undefined variable $thumbnail_url in /Users/milfuegos/Sites/msm-dev/app/public/wp-content/themes/msm/templates/sections/home_news.php on line 86
[17-May-2025 19:30:18 UTC] PHP Warning:  Undefined variable $thumbnail_url in /Users/milfuegos/Sites/msm-dev/app/public/wp-content/themes/msm/templates/sections/home_news.php on line 33
[17-May-2025 19:30:18 UTC] PHP Warning:  Undefined variable $thumbnail_url in /Users/milfuegos/Sites/msm-dev/app/public/wp-content/themes/msm/templates/sections/home_news.php on line 86
[17-May-2025 19:30:19 UTC] PHP Warning:  Undefined variable $thumbnail_url in /Users/milfuegos/Sites/msm-dev/app/public/wp-content/themes/msm/templates/sections/home_news.php on line 33
[17-May-2025 19:30:19 UTC] PHP Warning:  Undefined variable $thumbnail_url in /Users/milfuegos/Sites/msm-dev/app/public/wp-content/themes/msm/templates/sections/home_news.php on line 86
[17-May-2025 19:30:20 UTC] PHP Warning:  Undefined variable $thumbnail_url in /Users/milfuegos/Sites/msm-dev/app/public/wp-content/themes/msm/templates/sections/home_news.php on line 33
[17-May-2025 19:30:20 UTC] PHP Warning:  Undefined variable $thumbnail_url in /Users/milfuegos/Sites/msm-dev/app/public/wp-content/themes/msm/templates/sections/home_news.php on line 86
[17-May-2025 19:30:21 UTC] PHP Warning:  Undefined variable $thumbnail_url in /Users/milfuegos/Sites/msm-dev/app/public/wp-content/themes/msm/templates/sections/home_news.php on line 33
[17-May-2025 19:30:21 UTC] PHP Warning:  Undefined variable $thumbnail_url in /Users/milfuegos/Sites/msm-dev/app/public/wp-content/themes/msm/templates/sections/home_news.php on line 86
[17-May-2025 19:30:22 UTC] PHP Warning:  Undefined variable $thumbnail_url in /Users/milfuegos/Sites/msm-dev/app/public/wp-content/themes/msm/templates/sections/home_news.php on line 33
[17-May-2025 19:30:22 UTC] PHP Warning:  Undefined variable $thumbnail_url in /Users/milfuegos/Sites/msm-dev/app/public/wp-content/themes/msm/templates/sections/home_news.php on line 86
[17-May-2025 19:30:22 UTC] PHP Warning:  Undefined variable $thumbnail_url in /Users/milfuegos/Sites/msm-dev/app/public/wp-content/themes/msm/templates/sections/home_news.php on line 33
[17-May-2025 19:30:22 UTC] PHP Warning:  Undefined variable $thumbnail_url in /Users/milfuegos/Sites/msm-dev/app/public/wp-content/themes/msm/templates/sections/home_news.php on line 86
[17-May-2025 19:30:23 UTC] PHP Warning:  Undefined variable $thumbnail_url in /Users/milfuegos/Sites/msm-dev/app/public/wp-content/themes/msm/templates/sections/home_news.php on line 33
[17-May-2025 19:30:23 UTC] PHP Warning:  Undefined variable $thumbnail_url in /Users/milfuegos/Sites/msm-dev/app/public/wp-content/themes/msm/templates/sections/home_news.php on line 86
[17-May-2025 19:30:23 UTC] PHP Warning:  Undefined variable $thumbnail_url in /Users/milfuegos/Sites/msm-dev/app/public/wp-content/themes/msm/templates/sections/home_news.php on line 33
[17-May-2025 19:30:23 UTC] PHP Warning:  Undefined variable $thumbnail_url in /Users/milfuegos/Sites/msm-dev/app/public/wp-content/themes/msm/templates/sections/home_news.php on line 86
[17-May-2025 19:30:24 UTC] PHP Warning:  Undefined variable $thumbnail_url in /Users/milfuegos/Sites/msm-dev/app/public/wp-content/themes/msm/templates/sections/home_news.php on line 33
[17-May-2025 19:30:24 UTC] PHP Warning:  Undefined variable $thumbnail_url in /Users/milfuegos/Sites/msm-dev/app/public/wp-content/themes/msm/templates/sections/home_news.php on line 86
[17-May-2025 19:30:24 UTC] PHP Warning:  Undefined variable $thumbnail_url in /Users/milfuegos/Sites/msm-dev/app/public/wp-content/themes/msm/templates/sections/home_news.php on line 33
[17-May-2025 19:30:24 UTC] PHP Warning:  Undefined variable $thumbnail_url in /Users/milfuegos/Sites/msm-dev/app/public/wp-content/themes/msm/templates/sections/home_news.php on line 86
[17-May-2025 19:30:24 UTC] PHP Warning:  Undefined variable $thumbnail_url in /Users/milfuegos/Sites/msm-dev/app/public/wp-content/themes/msm/templates/sections/home_news.php on line 33
[17-May-2025 19:30:24 UTC] PHP Warning:  Undefined variable $thumbnail_url in /Users/milfuegos/Sites/msm-dev/app/public/wp-content/themes/msm/templates/sections/home_news.php on line 86
[17-May-2025 19:31:04 UTC] PHP Warning:  Undefined variable $thumbnail_url in /Users/milfuegos/Sites/msm-dev/app/public/wp-content/themes/msm/templates/sections/home_news.php on line 33
[17-May-2025 19:31:04 UTC] PHP Warning:  Undefined variable $thumbnail_url in /Users/milfuegos/Sites/msm-dev/app/public/wp-content/themes/msm/templates/sections/home_news.php on line 86
[17-May-2025 19:31:04 UTC] PHP Warning:  Undefined variable $thumbnail_url in /Users/milfuegos/Sites/msm-dev/app/public/wp-content/themes/msm/templates/sections/home_news.php on line 33
[17-May-2025 19:31:04 UTC] PHP Warning:  Undefined variable $thumbnail_url in /Users/milfuegos/Sites/msm-dev/app/public/wp-content/themes/msm/templates/sections/home_news.php on line 86
[17-May-2025 19:31:04 UTC] PHP Warning:  Undefined variable $thumbnail_url in /Users/milfuegos/Sites/msm-dev/app/public/wp-content/themes/msm/templates/sections/home_news.php on line 33
[17-May-2025 19:31:04 UTC] PHP Warning:  Undefined variable $thumbnail_url in /Users/milfuegos/Sites/msm-dev/app/public/wp-content/themes/msm/templates/sections/home_news.php on line 86
[17-May-2025 19:31:05 UTC] PHP Warning:  Undefined variable $thumbnail_url in /Users/milfuegos/Sites/msm-dev/app/public/wp-content/themes/msm/templates/sections/home_news.php on line 33
[17-May-2025 19:31:05 UTC] PHP Warning:  Undefined variable $thumbnail_url in /Users/milfuegos/Sites/msm-dev/app/public/wp-content/themes/msm/templates/sections/home_news.php on line 86
[17-May-2025 19:31:05 UTC] PHP Warning:  Undefined variable $thumbnail_url in /Users/milfuegos/Sites/msm-dev/app/public/wp-content/themes/msm/templates/sections/home_news.php on line 33
[17-May-2025 19:31:05 UTC] PHP Warning:  Undefined variable $thumbnail_url in /Users/milfuegos/Sites/msm-dev/app/public/wp-content/themes/msm/templates/sections/home_news.php on line 86
[17-May-2025 19:31:05 UTC] PHP Warning:  Undefined variable $thumbnail_url in /Users/milfuegos/Sites/msm-dev/app/public/wp-content/themes/msm/templates/sections/home_news.php on line 33
[17-May-2025 19:31:05 UTC] PHP Warning:  Undefined variable $thumbnail_url in /Users/milfuegos/Sites/msm-dev/app/public/wp-content/themes/msm/templates/sections/home_news.php on line 86
[17-May-2025 19:31:05 UTC] PHP Warning:  Undefined variable $thumbnail_url in /Users/milfuegos/Sites/msm-dev/app/public/wp-content/themes/msm/templates/sections/home_news.php on line 33
[17-May-2025 19:31:05 UTC] PHP Warning:  Undefined variable $thumbnail_url in /Users/milfuegos/Sites/msm-dev/app/public/wp-content/themes/msm/templates/sections/home_news.php on line 86
[17-May-2025 19:31:06 UTC] PHP Warning:  Undefined variable $thumbnail_url in /Users/milfuegos/Sites/msm-dev/app/public/wp-content/themes/msm/templates/sections/home_news.php on line 33
[17-May-2025 19:31:06 UTC] PHP Warning:  Undefined variable $thumbnail_url in /Users/milfuegos/Sites/msm-dev/app/public/wp-content/themes/msm/templates/sections/home_news.php on line 86
[17-May-2025 19:31:06 UTC] PHP Warning:  Undefined variable $thumbnail_url in /Users/milfuegos/Sites/msm-dev/app/public/wp-content/themes/msm/templates/sections/home_news.php on line 33
[17-May-2025 19:31:06 UTC] PHP Warning:  Undefined variable $thumbnail_url in /Users/milfuegos/Sites/msm-dev/app/public/wp-content/themes/msm/templates/sections/home_news.php on line 86
[17-May-2025 19:31:06 UTC] PHP Warning:  Undefined variable $thumbnail_url in /Users/milfuegos/Sites/msm-dev/app/public/wp-content/themes/msm/templates/sections/home_news.php on line 33
[17-May-2025 19:31:06 UTC] PHP Warning:  Undefined variable $thumbnail_url in /Users/milfuegos/Sites/msm-dev/app/public/wp-content/themes/msm/templates/sections/home_news.php on line 33
[17-May-2025 19:31:06 UTC] PHP Warning:  Undefined variable $thumbnail_url in /Users/milfuegos/Sites/msm-dev/app/public/wp-content/themes/msm/templates/sections/home_news.php on line 86
[17-May-2025 19:31:06 UTC] PHP Warning:  Undefined variable $thumbnail_url in /Users/milfuegos/Sites/msm-dev/app/public/wp-content/themes/msm/templates/sections/home_news.php on line 86
[17-May-2025 19:31:07 UTC] PHP Warning:  Undefined variable $thumbnail_url in /Users/milfuegos/Sites/msm-dev/app/public/wp-content/themes/msm/templates/sections/home_news.php on line 33
[17-May-2025 19:31:07 UTC] PHP Warning:  Undefined variable $thumbnail_url in /Users/milfuegos/Sites/msm-dev/app/public/wp-content/themes/msm/templates/sections/home_news.php on line 86
[17-May-2025 19:31:07 UTC] PHP Warning:  Undefined variable $thumbnail_url in /Users/milfuegos/Sites/msm-dev/app/public/wp-content/themes/msm/templates/sections/home_news.php on line 33
[17-May-2025 19:31:07 UTC] PHP Warning:  Undefined variable $thumbnail_url in /Users/milfuegos/Sites/msm-dev/app/public/wp-content/themes/msm/templates/sections/home_news.php on line 86
[17-May-2025 19:31:07 UTC] PHP Warning:  Undefined variable $thumbnail_url in /Users/milfuegos/Sites/msm-dev/app/public/wp-content/themes/msm/templates/sections/home_news.php on line 33
[17-May-2025 19:31:07 UTC] PHP Warning:  Undefined variable $thumbnail_url in /Users/milfuegos/Sites/msm-dev/app/public/wp-content/themes/msm/templates/sections/home_news.php on line 86
[17-May-2025 19:31:15 UTC] PHP Warning:  Undefined variable $thumbnail_url in /Users/milfuegos/Sites/msm-dev/app/public/wp-content/themes/msm/templates/sections/home_news.php on line 33
[17-May-2025 19:31:15 UTC] PHP Warning:  Undefined variable $thumbnail_url in /Users/milfuegos/Sites/msm-dev/app/public/wp-content/themes/msm/templates/sections/home_news.php on line 86
[17-May-2025 19:31:15 UTC] PHP Warning:  Undefined variable $thumbnail_url in /Users/milfuegos/Sites/msm-dev/app/public/wp-content/themes/msm/templates/sections/home_news.php on line 33
[17-May-2025 19:31:15 UTC] PHP Warning:  Undefined variable $thumbnail_url in /Users/milfuegos/Sites/msm-dev/app/public/wp-content/themes/msm/templates/sections/home_news.php on line 86
[17-May-2025 19:31:57 UTC] PHP Warning:  Undefined variable $thumbnail_url in /Users/milfuegos/Sites/msm-dev/app/public/wp-content/themes/msm/templates/sections/home_news.php on line 33
[17-May-2025 19:31:57 UTC] PHP Warning:  Undefined variable $thumbnail_url in /Users/milfuegos/Sites/msm-dev/app/public/wp-content/themes/msm/templates/sections/home_news.php on line 86
[17-May-2025 19:31:57 UTC] PHP Warning:  Undefined variable $thumbnail_url in /Users/milfuegos/Sites/msm-dev/app/public/wp-content/themes/msm/templates/sections/home_news.php on line 33
[17-May-2025 19:31:57 UTC] PHP Warning:  Undefined variable $thumbnail_url in /Users/milfuegos/Sites/msm-dev/app/public/wp-content/themes/msm/templates/sections/home_news.php on line 86
[17-May-2025 19:32:24 UTC] PHP Warning:  Undefined variable $thumbnail_url in /Users/milfuegos/Sites/msm-dev/app/public/wp-content/themes/msm/templates/sections/home_news.php on line 33
[17-May-2025 19:32:24 UTC] PHP Warning:  Undefined variable $thumbnail_url in /Users/milfuegos/Sites/msm-dev/app/public/wp-content/themes/msm/templates/sections/home_news.php on line 86
[17-May-2025 19:32:24 UTC] PHP Warning:  Undefined variable $thumbnail_url in /Users/milfuegos/Sites/msm-dev/app/public/wp-content/themes/msm/templates/sections/home_news.php on line 33
[17-May-2025 19:32:24 UTC] PHP Warning:  Undefined variable $thumbnail_url in /Users/milfuegos/Sites/msm-dev/app/public/wp-content/themes/msm/templates/sections/home_news.php on line 86
[17-May-2025 19:41:57 UTC] PHP Warning:  Undefined variable $thumbnail_url in /Users/milfuegos/Sites/msm-dev/app/public/wp-content/themes/msm/templates/sections/home_news.php on line 33
[17-May-2025 19:41:57 UTC] PHP Warning:  Undefined variable $thumbnail_url in /Users/milfuegos/Sites/msm-dev/app/public/wp-content/themes/msm/templates/sections/home_news.php on line 86
[17-May-2025 19:41:57 UTC] PHP Warning:  Undefined variable $thumbnail_url in /Users/milfuegos/Sites/msm-dev/app/public/wp-content/themes/msm/templates/sections/home_news.php on line 33
[17-May-2025 19:41:57 UTC] PHP Warning:  Undefined variable $thumbnail_url in /Users/milfuegos/Sites/msm-dev/app/public/wp-content/themes/msm/templates/sections/home_news.php on line 33
[17-May-2025 19:41:57 UTC] PHP Warning:  Undefined variable $thumbnail_url in /Users/milfuegos/Sites/msm-dev/app/public/wp-content/themes/msm/templates/sections/home_news.php on line 86
[17-May-2025 19:41:57 UTC] PHP Warning:  Undefined variable $thumbnail_url in /Users/milfuegos/Sites/msm-dev/app/public/wp-content/themes/msm/templates/sections/home_news.php on line 86
[17-May-2025 19:41:57 UTC] PHP Warning:  Undefined variable $thumbnail_url in /Users/milfuegos/Sites/msm-dev/app/public/wp-content/themes/msm/templates/sections/home_news.php on line 33
[17-May-2025 19:41:57 UTC] PHP Warning:  Undefined variable $thumbnail_url in /Users/milfuegos/Sites/msm-dev/app/public/wp-content/themes/msm/templates/sections/home_news.php on line 86
[17-May-2025 19:41:57 UTC] PHP Warning:  Undefined variable $thumbnail_url in /Users/milfuegos/Sites/msm-dev/app/public/wp-content/themes/msm/templates/sections/home_news.php on line 33
[17-May-2025 19:41:57 UTC] PHP Warning:  Undefined variable $thumbnail_url in /Users/milfuegos/Sites/msm-dev/app/public/wp-content/themes/msm/templates/sections/home_news.php on line 86
[17-May-2025 19:41:58 UTC] PHP Warning:  Undefined variable $thumbnail_url in /Users/milfuegos/Sites/msm-dev/app/public/wp-content/themes/msm/templates/sections/home_news.php on line 33
[17-May-2025 19:41:58 UTC] PHP Warning:  Undefined variable $thumbnail_url in /Users/milfuegos/Sites/msm-dev/app/public/wp-content/themes/msm/templates/sections/home_news.php on line 86
[17-May-2025 19:41:58 UTC] PHP Warning:  Undefined variable $thumbnail_url in /Users/milfuegos/Sites/msm-dev/app/public/wp-content/themes/msm/templates/sections/home_news.php on line 33
[17-May-2025 19:41:58 UTC] PHP Warning:  Undefined variable $thumbnail_url in /Users/milfuegos/Sites/msm-dev/app/public/wp-content/themes/msm/templates/sections/home_news.php on line 86
[17-May-2025 19:41:58 UTC] PHP Warning:  Undefined variable $thumbnail_url in /Users/milfuegos/Sites/msm-dev/app/public/wp-content/themes/msm/templates/sections/home_news.php on line 33
[17-May-2025 19:41:58 UTC] PHP Warning:  Undefined variable $thumbnail_url in /Users/milfuegos/Sites/msm-dev/app/public/wp-content/themes/msm/templates/sections/home_news.php on line 86
[17-May-2025 19:41:58 UTC] PHP Warning:  Undefined variable $thumbnail_url in /Users/milfuegos/Sites/msm-dev/app/public/wp-content/themes/msm/templates/sections/home_news.php on line 33
[17-May-2025 19:41:58 UTC] PHP Warning:  Undefined variable $thumbnail_url in /Users/milfuegos/Sites/msm-dev/app/public/wp-content/themes/msm/templates/sections/home_news.php on line 86
[17-May-2025 19:41:58 UTC] PHP Warning:  Undefined variable $thumbnail_url in /Users/milfuegos/Sites/msm-dev/app/public/wp-content/themes/msm/templates/sections/home_news.php on line 33
[17-May-2025 19:41:58 UTC] PHP Warning:  Undefined variable $thumbnail_url in /Users/milfuegos/Sites/msm-dev/app/public/wp-content/themes/msm/templates/sections/home_news.php on line 86
[17-May-2025 19:41:58 UTC] PHP Warning:  Undefined variable $thumbnail_url in /Users/milfuegos/Sites/msm-dev/app/public/wp-content/themes/msm/templates/sections/home_news.php on line 33
[17-May-2025 19:41:58 UTC] PHP Warning:  Undefined variable $thumbnail_url in /Users/milfuegos/Sites/msm-dev/app/public/wp-content/themes/msm/templates/sections/home_news.php on line 86
[17-May-2025 19:41:58 UTC] PHP Warning:  Undefined variable $thumbnail_url in /Users/milfuegos/Sites/msm-dev/app/public/wp-content/themes/msm/templates/sections/home_news.php on line 33
[17-May-2025 19:41:58 UTC] PHP Warning:  Undefined variable $thumbnail_url in /Users/milfuegos/Sites/msm-dev/app/public/wp-content/themes/msm/templates/sections/home_news.php on line 86
[17-May-2025 19:41:58 UTC] PHP Warning:  Undefined variable $thumbnail_url in /Users/milfuegos/Sites/msm-dev/app/public/wp-content/themes/msm/templates/sections/home_news.php on line 33
[17-May-2025 19:41:58 UTC] PHP Warning:  Undefined variable $thumbnail_url in /Users/milfuegos/Sites/msm-dev/app/public/wp-content/themes/msm/templates/sections/home_news.php on line 86
[17-May-2025 19:41:58 UTC] PHP Warning:  Undefined variable $thumbnail_url in /Users/milfuegos/Sites/msm-dev/app/public/wp-content/themes/msm/templates/sections/home_news.php on line 33
[17-May-2025 19:41:58 UTC] PHP Warning:  Undefined variable $thumbnail_url in /Users/milfuegos/Sites/msm-dev/app/public/wp-content/themes/msm/templates/sections/home_news.php on line 86
[17-May-2025 20:01:48 UTC] PHP Warning:  Undefined variable $thumbnail_url in /Users/milfuegos/Sites/msm-dev/app/public/wp-content/themes/msm/templates/sections/home_news.php on line 33
[17-May-2025 20:01:48 UTC] PHP Warning:  Undefined variable $thumbnail_url in /Users/milfuegos/Sites/msm-dev/app/public/wp-content/themes/msm/templates/sections/home_news.php on line 86
[17-May-2025 20:01:48 UTC] PHP Warning:  Undefined variable $thumbnail_url in /Users/milfuegos/Sites/msm-dev/app/public/wp-content/themes/msm/templates/sections/home_news.php on line 33
[17-May-2025 20:01:48 UTC] PHP Warning:  Undefined variable $thumbnail_url in /Users/milfuegos/Sites/msm-dev/app/public/wp-content/themes/msm/templates/sections/home_news.php on line 86
[17-May-2025 20:01:48 UTC] PHP Warning:  Undefined variable $thumbnail_url in /Users/milfuegos/Sites/msm-dev/app/public/wp-content/themes/msm/templates/sections/home_news.php on line 33
[17-May-2025 20:01:48 UTC] PHP Warning:  Undefined variable $thumbnail_url in /Users/milfuegos/Sites/msm-dev/app/public/wp-content/themes/msm/templates/sections/home_news.php on line 86
[17-May-2025 20:01:49 UTC] PHP Warning:  Undefined variable $thumbnail_url in /Users/milfuegos/Sites/msm-dev/app/public/wp-content/themes/msm/templates/sections/home_news.php on line 33
[17-May-2025 20:01:49 UTC] PHP Warning:  Undefined variable $thumbnail_url in /Users/milfuegos/Sites/msm-dev/app/public/wp-content/themes/msm/templates/sections/home_news.php on line 86
[17-May-2025 20:01:49 UTC] PHP Warning:  Undefined variable $thumbnail_url in /Users/milfuegos/Sites/msm-dev/app/public/wp-content/themes/msm/templates/sections/home_news.php on line 33
[17-May-2025 20:01:49 UTC] PHP Warning:  Undefined variable $thumbnail_url in /Users/milfuegos/Sites/msm-dev/app/public/wp-content/themes/msm/templates/sections/home_news.php on line 86
[17-May-2025 20:01:49 UTC] PHP Warning:  Undefined variable $thumbnail_url in /Users/milfuegos/Sites/msm-dev/app/public/wp-content/themes/msm/templates/sections/home_news.php on line 33
[17-May-2025 20:01:49 UTC] PHP Warning:  Undefined variable $thumbnail_url in /Users/milfuegos/Sites/msm-dev/app/public/wp-content/themes/msm/templates/sections/home_news.php on line 86
[17-May-2025 20:01:49 UTC] PHP Warning:  Undefined variable $thumbnail_url in /Users/milfuegos/Sites/msm-dev/app/public/wp-content/themes/msm/templates/sections/home_news.php on line 33
[17-May-2025 20:01:49 UTC] PHP Warning:  Undefined variable $thumbnail_url in /Users/milfuegos/Sites/msm-dev/app/public/wp-content/themes/msm/templates/sections/home_news.php on line 86
[17-May-2025 20:01:49 UTC] PHP Warning:  Undefined variable $thumbnail_url in /Users/milfuegos/Sites/msm-dev/app/public/wp-content/themes/msm/templates/sections/home_news.php on line 33
[17-May-2025 20:01:49 UTC] PHP Warning:  Undefined variable $thumbnail_url in /Users/milfuegos/Sites/msm-dev/app/public/wp-content/themes/msm/templates/sections/home_news.php on line 86
[17-May-2025 20:01:49 UTC] PHP Warning:  Undefined variable $thumbnail_url in /Users/milfuegos/Sites/msm-dev/app/public/wp-content/themes/msm/templates/sections/home_news.php on line 33
[17-May-2025 20:01:49 UTC] PHP Warning:  Undefined variable $thumbnail_url in /Users/milfuegos/Sites/msm-dev/app/public/wp-content/themes/msm/templates/sections/home_news.php on line 86
[17-May-2025 20:01:49 UTC] PHP Warning:  Undefined variable $thumbnail_url in /Users/milfuegos/Sites/msm-dev/app/public/wp-content/themes/msm/templates/sections/home_news.php on line 33
[17-May-2025 20:01:49 UTC] PHP Warning:  Undefined variable $thumbnail_url in /Users/milfuegos/Sites/msm-dev/app/public/wp-content/themes/msm/templates/sections/home_news.php on line 86
[17-May-2025 20:01:49 UTC] PHP Warning:  Undefined variable $thumbnail_url in /Users/milfuegos/Sites/msm-dev/app/public/wp-content/themes/msm/templates/sections/home_news.php on line 33
[17-May-2025 20:01:49 UTC] PHP Warning:  Undefined variable $thumbnail_url in /Users/milfuegos/Sites/msm-dev/app/public/wp-content/themes/msm/templates/sections/home_news.php on line 86
[17-May-2025 20:01:50 UTC] PHP Warning:  Undefined variable $thumbnail_url in /Users/milfuegos/Sites/msm-dev/app/public/wp-content/themes/msm/templates/sections/home_news.php on line 33
[17-May-2025 20:01:50 UTC] PHP Warning:  Undefined variable $thumbnail_url in /Users/milfuegos/Sites/msm-dev/app/public/wp-content/themes/msm/templates/sections/home_news.php on line 86
[17-May-2025 20:01:51 UTC] PHP Warning:  Undefined variable $thumbnail_url in /Users/milfuegos/Sites/msm-dev/app/public/wp-content/themes/msm/templates/sections/home_news.php on line 33
[17-May-2025 20:01:51 UTC] PHP Warning:  Undefined variable $thumbnail_url in /Users/milfuegos/Sites/msm-dev/app/public/wp-content/themes/msm/templates/sections/home_news.php on line 86
[17-May-2025 20:01:51 UTC] PHP Warning:  Undefined variable $thumbnail_url in /Users/milfuegos/Sites/msm-dev/app/public/wp-content/themes/msm/templates/sections/home_news.php on line 33
[17-May-2025 20:01:51 UTC] PHP Warning:  Undefined variable $thumbnail_url in /Users/milfuegos/Sites/msm-dev/app/public/wp-content/themes/msm/templates/sections/home_news.php on line 86
[17-May-2025 20:01:53 UTC] PHP Warning:  Undefined variable $thumbnail_url in /Users/milfuegos/Sites/msm-dev/app/public/wp-content/themes/msm/templates/sections/home_news.php on line 33
[17-May-2025 20:01:53 UTC] PHP Warning:  Undefined variable $thumbnail_url in /Users/milfuegos/Sites/msm-dev/app/public/wp-content/themes/msm/templates/sections/home_news.php on line 86
[17-May-2025 20:01:53 UTC] PHP Warning:  Undefined variable $thumbnail_url in /Users/milfuegos/Sites/msm-dev/app/public/wp-content/themes/msm/templates/sections/home_news.php on line 33
[17-May-2025 20:01:53 UTC] PHP Warning:  Undefined variable $thumbnail_url in /Users/milfuegos/Sites/msm-dev/app/public/wp-content/themes/msm/templates/sections/home_news.php on line 86
[17-May-2025 20:01:53 UTC] PHP Warning:  Undefined variable $thumbnail_url in /Users/milfuegos/Sites/msm-dev/app/public/wp-content/themes/msm/templates/sections/home_news.php on line 33
[17-May-2025 20:01:53 UTC] PHP Warning:  Undefined variable $thumbnail_url in /Users/milfuegos/Sites/msm-dev/app/public/wp-content/themes/msm/templates/sections/home_news.php on line 33
[17-May-2025 20:01:53 UTC] PHP Warning:  Undefined variable $thumbnail_url in /Users/milfuegos/Sites/msm-dev/app/public/wp-content/themes/msm/templates/sections/home_news.php on line 86
[17-May-2025 20:01:53 UTC] PHP Warning:  Undefined variable $thumbnail_url in /Users/milfuegos/Sites/msm-dev/app/public/wp-content/themes/msm/templates/sections/home_news.php on line 86
[17-May-2025 20:03:30 UTC] PHP Warning:  Undefined variable $thumbnail_url in /Users/milfuegos/Sites/msm-dev/app/public/wp-content/themes/msm/templates/sections/home_news.php on line 33
[17-May-2025 20:03:30 UTC] PHP Warning:  Undefined variable $thumbnail_url in /Users/milfuegos/Sites/msm-dev/app/public/wp-content/themes/msm/templates/sections/home_news.php on line 86
[17-May-2025 20:03:31 UTC] PHP Warning:  Undefined variable $thumbnail_url in /Users/milfuegos/Sites/msm-dev/app/public/wp-content/themes/msm/templates/sections/home_news.php on line 33
[17-May-2025 20:03:31 UTC] PHP Warning:  Undefined variable $thumbnail_url in /Users/milfuegos/Sites/msm-dev/app/public/wp-content/themes/msm/templates/sections/home_news.php on line 86
[17-May-2025 20:03:31 UTC] PHP Warning:  Undefined variable $thumbnail_url in /Users/milfuegos/Sites/msm-dev/app/public/wp-content/themes/msm/templates/sections/home_news.php on line 33
[17-May-2025 20:03:31 UTC] PHP Warning:  Undefined variable $thumbnail_url in /Users/milfuegos/Sites/msm-dev/app/public/wp-content/themes/msm/templates/sections/home_news.php on line 86
[17-May-2025 20:03:31 UTC] PHP Warning:  Undefined variable $thumbnail_url in /Users/milfuegos/Sites/msm-dev/app/public/wp-content/themes/msm/templates/sections/home_news.php on line 33
[17-May-2025 20:03:31 UTC] PHP Warning:  Undefined variable $thumbnail_url in /Users/milfuegos/Sites/msm-dev/app/public/wp-content/themes/msm/templates/sections/home_news.php on line 86
[17-May-2025 20:03:31 UTC] PHP Warning:  Undefined variable $thumbnail_url in /Users/milfuegos/Sites/msm-dev/app/public/wp-content/themes/msm/templates/sections/home_news.php on line 33
[17-May-2025 20:03:31 UTC] PHP Warning:  Undefined variable $thumbnail_url in /Users/milfuegos/Sites/msm-dev/app/public/wp-content/themes/msm/templates/sections/home_news.php on line 86
[17-May-2025 20:03:31 UTC] PHP Warning:  Undefined variable $thumbnail_url in /Users/milfuegos/Sites/msm-dev/app/public/wp-content/themes/msm/templates/sections/home_news.php on line 33
[17-May-2025 20:03:31 UTC] PHP Warning:  Undefined variable $thumbnail_url in /Users/milfuegos/Sites/msm-dev/app/public/wp-content/themes/msm/templates/sections/home_news.php on line 86
[17-May-2025 20:03:31 UTC] PHP Warning:  Undefined variable $thumbnail_url in /Users/milfuegos/Sites/msm-dev/app/public/wp-content/themes/msm/templates/sections/home_news.php on line 33
[17-May-2025 20:03:31 UTC] PHP Warning:  Undefined variable $thumbnail_url in /Users/milfuegos/Sites/msm-dev/app/public/wp-content/themes/msm/templates/sections/home_news.php on line 86
[17-May-2025 20:03:32 UTC] PHP Warning:  Undefined variable $thumbnail_url in /Users/milfuegos/Sites/msm-dev/app/public/wp-content/themes/msm/templates/sections/home_news.php on line 33
[17-May-2025 20:03:32 UTC] PHP Warning:  Undefined variable $thumbnail_url in /Users/milfuegos/Sites/msm-dev/app/public/wp-content/themes/msm/templates/sections/home_news.php on line 86
[17-May-2025 20:03:32 UTC] PHP Warning:  Undefined variable $thumbnail_url in /Users/milfuegos/Sites/msm-dev/app/public/wp-content/themes/msm/templates/sections/home_news.php on line 33
[17-May-2025 20:03:32 UTC] PHP Warning:  Undefined variable $thumbnail_url in /Users/milfuegos/Sites/msm-dev/app/public/wp-content/themes/msm/templates/sections/home_news.php on line 86
[17-May-2025 20:03:32 UTC] PHP Warning:  Undefined variable $thumbnail_url in /Users/milfuegos/Sites/msm-dev/app/public/wp-content/themes/msm/templates/sections/home_news.php on line 33
[17-May-2025 20:03:32 UTC] PHP Warning:  Undefined variable $thumbnail_url in /Users/milfuegos/Sites/msm-dev/app/public/wp-content/themes/msm/templates/sections/home_news.php on line 86
[17-May-2025 20:03:32 UTC] PHP Warning:  Undefined variable $thumbnail_url in /Users/milfuegos/Sites/msm-dev/app/public/wp-content/themes/msm/templates/sections/home_news.php on line 33
[17-May-2025 20:03:32 UTC] PHP Warning:  Undefined variable $thumbnail_url in /Users/milfuegos/Sites/msm-dev/app/public/wp-content/themes/msm/templates/sections/home_news.php on line 86
[17-May-2025 20:03:33 UTC] PHP Warning:  Undefined variable $thumbnail_url in /Users/milfuegos/Sites/msm-dev/app/public/wp-content/themes/msm/templates/sections/home_news.php on line 33
[17-May-2025 20:03:33 UTC] PHP Warning:  Undefined variable $thumbnail_url in /Users/milfuegos/Sites/msm-dev/app/public/wp-content/themes/msm/templates/sections/home_news.php on line 86
[17-May-2025 20:03:33 UTC] PHP Warning:  Undefined variable $thumbnail_url in /Users/milfuegos/Sites/msm-dev/app/public/wp-content/themes/msm/templates/sections/home_news.php on line 33
[17-May-2025 20:03:33 UTC] PHP Warning:  Undefined variable $thumbnail_url in /Users/milfuegos/Sites/msm-dev/app/public/wp-content/themes/msm/templates/sections/home_news.php on line 86
[17-May-2025 20:03:33 UTC] PHP Warning:  Undefined variable $thumbnail_url in /Users/milfuegos/Sites/msm-dev/app/public/wp-content/themes/msm/templates/sections/home_news.php on line 33
[17-May-2025 20:03:33 UTC] PHP Warning:  Undefined variable $thumbnail_url in /Users/milfuegos/Sites/msm-dev/app/public/wp-content/themes/msm/templates/sections/home_news.php on line 86
[17-May-2025 20:05:19 UTC] PHP Warning:  Undefined variable $thumbnail_url in /Users/milfuegos/Sites/msm-dev/app/public/wp-content/themes/msm/templates/sections/home_news.php on line 33
[17-May-2025 20:05:19 UTC] PHP Warning:  Undefined variable $thumbnail_url in /Users/milfuegos/Sites/msm-dev/app/public/wp-content/themes/msm/templates/sections/home_news.php on line 86
[17-May-2025 20:05:20 UTC] PHP Warning:  Undefined variable $thumbnail_url in /Users/milfuegos/Sites/msm-dev/app/public/wp-content/themes/msm/templates/sections/home_news.php on line 33
[17-May-2025 20:05:20 UTC] PHP Warning:  Undefined variable $thumbnail_url in /Users/milfuegos/Sites/msm-dev/app/public/wp-content/themes/msm/templates/sections/home_news.php on line 86
[17-May-2025 20:05:20 UTC] PHP Warning:  Undefined variable $thumbnail_url in /Users/milfuegos/Sites/msm-dev/app/public/wp-content/themes/msm/templates/sections/home_news.php on line 33
[17-May-2025 20:05:20 UTC] PHP Warning:  Undefined variable $thumbnail_url in /Users/milfuegos/Sites/msm-dev/app/public/wp-content/themes/msm/templates/sections/home_news.php on line 86
[17-May-2025 20:05:20 UTC] PHP Warning:  Undefined variable $thumbnail_url in /Users/milfuegos/Sites/msm-dev/app/public/wp-content/themes/msm/templates/sections/home_news.php on line 33
[17-May-2025 20:05:20 UTC] PHP Warning:  Undefined variable $thumbnail_url in /Users/milfuegos/Sites/msm-dev/app/public/wp-content/themes/msm/templates/sections/home_news.php on line 86
[17-May-2025 20:05:20 UTC] PHP Warning:  Undefined variable $thumbnail_url in /Users/milfuegos/Sites/msm-dev/app/public/wp-content/themes/msm/templates/sections/home_news.php on line 33
[17-May-2025 20:05:20 UTC] PHP Warning:  Undefined variable $thumbnail_url in /Users/milfuegos/Sites/msm-dev/app/public/wp-content/themes/msm/templates/sections/home_news.php on line 86
[17-May-2025 20:05:21 UTC] PHP Warning:  Undefined variable $thumbnail_url in /Users/milfuegos/Sites/msm-dev/app/public/wp-content/themes/msm/templates/sections/home_news.php on line 33
[17-May-2025 20:05:21 UTC] PHP Warning:  Undefined variable $thumbnail_url in /Users/milfuegos/Sites/msm-dev/app/public/wp-content/themes/msm/templates/sections/home_news.php on line 86
[17-May-2025 20:05:21 UTC] PHP Warning:  Undefined variable $thumbnail_url in /Users/milfuegos/Sites/msm-dev/app/public/wp-content/themes/msm/templates/sections/home_news.php on line 33
[17-May-2025 20:05:21 UTC] PHP Warning:  Undefined variable $thumbnail_url in /Users/milfuegos/Sites/msm-dev/app/public/wp-content/themes/msm/templates/sections/home_news.php on line 86
[17-May-2025 20:05:21 UTC] PHP Warning:  Undefined variable $thumbnail_url in /Users/milfuegos/Sites/msm-dev/app/public/wp-content/themes/msm/templates/sections/home_news.php on line 33
[17-May-2025 20:05:21 UTC] PHP Warning:  Undefined variable $thumbnail_url in /Users/milfuegos/Sites/msm-dev/app/public/wp-content/themes/msm/templates/sections/home_news.php on line 86
[17-May-2025 20:05:21 UTC] PHP Warning:  Undefined variable $thumbnail_url in /Users/milfuegos/Sites/msm-dev/app/public/wp-content/themes/msm/templates/sections/home_news.php on line 33
[17-May-2025 20:05:21 UTC] PHP Warning:  Undefined variable $thumbnail_url in /Users/milfuegos/Sites/msm-dev/app/public/wp-content/themes/msm/templates/sections/home_news.php on line 86
[17-May-2025 20:05:21 UTC] PHP Warning:  Undefined variable $thumbnail_url in /Users/milfuegos/Sites/msm-dev/app/public/wp-content/themes/msm/templates/sections/home_news.php on line 33
[17-May-2025 20:05:21 UTC] PHP Warning:  Undefined variable $thumbnail_url in /Users/milfuegos/Sites/msm-dev/app/public/wp-content/themes/msm/templates/sections/home_news.php on line 33
[17-May-2025 20:05:21 UTC] PHP Warning:  Undefined variable $thumbnail_url in /Users/milfuegos/Sites/msm-dev/app/public/wp-content/themes/msm/templates/sections/home_news.php on line 86
[17-May-2025 20:05:21 UTC] PHP Warning:  Undefined variable $thumbnail_url in /Users/milfuegos/Sites/msm-dev/app/public/wp-content/themes/msm/templates/sections/home_news.php on line 86
[17-May-2025 20:05:22 UTC] PHP Warning:  Undefined variable $thumbnail_url in /Users/milfuegos/Sites/msm-dev/app/public/wp-content/themes/msm/templates/sections/home_news.php on line 33
[17-May-2025 20:05:22 UTC] PHP Warning:  Undefined variable $thumbnail_url in /Users/milfuegos/Sites/msm-dev/app/public/wp-content/themes/msm/templates/sections/home_news.php on line 86
[17-May-2025 20:05:22 UTC] PHP Warning:  Undefined variable $thumbnail_url in /Users/milfuegos/Sites/msm-dev/app/public/wp-content/themes/msm/templates/sections/home_news.php on line 33
[17-May-2025 20:05:22 UTC] PHP Warning:  Undefined variable $thumbnail_url in /Users/milfuegos/Sites/msm-dev/app/public/wp-content/themes/msm/templates/sections/home_news.php on line 86
[17-May-2025 20:05:22 UTC] PHP Warning:  Undefined variable $thumbnail_url in /Users/milfuegos/Sites/msm-dev/app/public/wp-content/themes/msm/templates/sections/home_news.php on line 33
[17-May-2025 20:05:22 UTC] PHP Warning:  Undefined variable $thumbnail_url in /Users/milfuegos/Sites/msm-dev/app/public/wp-content/themes/msm/templates/sections/home_news.php on line 86
[17-May-2025 20:07:42 UTC] PHP Warning:  Undefined variable $thumbnail_url in /Users/milfuegos/Sites/msm-dev/app/public/wp-content/themes/msm/templates/sections/home_news.php on line 33
[17-May-2025 20:07:42 UTC] PHP Warning:  Undefined variable $thumbnail_url in /Users/milfuegos/Sites/msm-dev/app/public/wp-content/themes/msm/templates/sections/home_news.php on line 33
[17-May-2025 20:07:42 UTC] PHP Warning:  Undefined variable $thumbnail_url in /Users/milfuegos/Sites/msm-dev/app/public/wp-content/themes/msm/templates/sections/home_news.php on line 86
[17-May-2025 20:07:42 UTC] PHP Warning:  Undefined variable $thumbnail_url in /Users/milfuegos/Sites/msm-dev/app/public/wp-content/themes/msm/templates/sections/home_news.php on line 86
[17-May-2025 20:07:42 UTC] PHP Warning:  Undefined variable $thumbnail_url in /Users/milfuegos/Sites/msm-dev/app/public/wp-content/themes/msm/templates/sections/home_news.php on line 33
[17-May-2025 20:07:42 UTC] PHP Warning:  Undefined variable $thumbnail_url in /Users/milfuegos/Sites/msm-dev/app/public/wp-content/themes/msm/templates/sections/home_news.php on line 33
[17-May-2025 20:07:42 UTC] PHP Warning:  Undefined variable $thumbnail_url in /Users/milfuegos/Sites/msm-dev/app/public/wp-content/themes/msm/templates/sections/home_news.php on line 86
[17-May-2025 20:07:42 UTC] PHP Warning:  Undefined variable $thumbnail_url in /Users/milfuegos/Sites/msm-dev/app/public/wp-content/themes/msm/templates/sections/home_news.php on line 86
[17-May-2025 20:13:16 UTC] PHP Warning:  Undefined variable $thumbnail_url in /Users/milfuegos/Sites/msm-dev/app/public/wp-content/themes/msm/templates/sections/home_news.php on line 33
[17-May-2025 20:13:16 UTC] PHP Warning:  Undefined variable $thumbnail_url in /Users/milfuegos/Sites/msm-dev/app/public/wp-content/themes/msm/templates/sections/home_news.php on line 86
[17-May-2025 20:13:16 UTC] PHP Warning:  Undefined variable $thumbnail_url in /Users/milfuegos/Sites/msm-dev/app/public/wp-content/themes/msm/templates/sections/home_news.php on line 33
[17-May-2025 20:13:16 UTC] PHP Warning:  Undefined variable $thumbnail_url in /Users/milfuegos/Sites/msm-dev/app/public/wp-content/themes/msm/templates/sections/home_news.php on line 86
[17-May-2025 20:14:25 UTC] Page slug: 
[17-May-2025 20:14:25 UTC] Final slug: web.com/.php
[17-May-2025 20:14:25 UTC] Page slug not in template map: 
[17-May-2025 20:16:42 UTC] Page slug: 
[17-May-2025 20:16:42 UTC] Final slug: web.com/.php
[17-May-2025 20:16:42 UTC] Page slug not in template map: 
[17-May-2025 20:17:34 UTC] Page slug: 
[17-May-2025 20:17:34 UTC] Final slug: web.com/.php
[17-May-2025 20:17:34 UTC] Page slug not in template map: 
[17-May-2025 20:18:22 UTC] PHP Warning:  Undefined variable $thumbnail_url in /Users/milfuegos/Sites/msm-dev/app/public/wp-content/themes/msm/templates/sections/home_news.php on line 33
[17-May-2025 20:18:22 UTC] PHP Warning:  Undefined variable $thumbnail_url in /Users/milfuegos/Sites/msm-dev/app/public/wp-content/themes/msm/templates/sections/home_news.php on line 33
[17-May-2025 20:18:22 UTC] PHP Warning:  Undefined variable $thumbnail_url in /Users/milfuegos/Sites/msm-dev/app/public/wp-content/themes/msm/templates/sections/home_news.php on line 86
[17-May-2025 20:18:22 UTC] PHP Warning:  Undefined variable $thumbnail_url in /Users/milfuegos/Sites/msm-dev/app/public/wp-content/themes/msm/templates/sections/home_news.php on line 86
[17-May-2025 20:21:11 UTC] Page slug: 
[17-May-2025 20:21:11 UTC] Final slug: web.com/.php
[17-May-2025 20:21:11 UTC] Page slug not in template map: 
[17-May-2025 20:21:12 UTC] PHP Warning:  Undefined variable $thumbnail_url in /Users/milfuegos/Sites/msm-dev/app/public/wp-content/themes/msm/templates/sections/home_news.php on line 33
[17-May-2025 20:21:12 UTC] PHP Warning:  Undefined variable $thumbnail_url in /Users/milfuegos/Sites/msm-dev/app/public/wp-content/themes/msm/templates/sections/home_news.php on line 33
[17-May-2025 20:21:12 UTC] PHP Warning:  Undefined variable $thumbnail_url in /Users/milfuegos/Sites/msm-dev/app/public/wp-content/themes/msm/templates/sections/home_news.php on line 86
[17-May-2025 20:21:12 UTC] PHP Warning:  Undefined variable $thumbnail_url in /Users/milfuegos/Sites/msm-dev/app/public/wp-content/themes/msm/templates/sections/home_news.php on line 86
[17-May-2025 20:21:12 UTC] PHP Warning:  Undefined variable $thumbnail_url in /Users/milfuegos/Sites/msm-dev/app/public/wp-content/themes/msm/templates/sections/home_news.php on line 33
[17-May-2025 20:21:12 UTC] PHP Warning:  Undefined variable $thumbnail_url in /Users/milfuegos/Sites/msm-dev/app/public/wp-content/themes/msm/templates/sections/home_news.php on line 86
[17-May-2025 20:21:12 UTC] PHP Warning:  Undefined variable $thumbnail_url in /Users/milfuegos/Sites/msm-dev/app/public/wp-content/themes/msm/templates/sections/home_news.php on line 33
[17-May-2025 20:21:12 UTC] PHP Warning:  Undefined variable $thumbnail_url in /Users/milfuegos/Sites/msm-dev/app/public/wp-content/themes/msm/templates/sections/home_news.php on line 86
[17-May-2025 20:21:13 UTC] PHP Warning:  Undefined variable $thumbnail_url in /Users/milfuegos/Sites/msm-dev/app/public/wp-content/themes/msm/templates/sections/home_news.php on line 33
[17-May-2025 20:21:13 UTC] PHP Warning:  Undefined variable $thumbnail_url in /Users/milfuegos/Sites/msm-dev/app/public/wp-content/themes/msm/templates/sections/home_news.php on line 86
[17-May-2025 20:21:13 UTC] PHP Warning:  Undefined variable $thumbnail_url in /Users/milfuegos/Sites/msm-dev/app/public/wp-content/themes/msm/templates/sections/home_news.php on line 33
[17-May-2025 20:21:13 UTC] PHP Warning:  Undefined variable $thumbnail_url in /Users/milfuegos/Sites/msm-dev/app/public/wp-content/themes/msm/templates/sections/home_news.php on line 86
[17-May-2025 20:21:13 UTC] PHP Warning:  Undefined variable $thumbnail_url in /Users/milfuegos/Sites/msm-dev/app/public/wp-content/themes/msm/templates/sections/home_news.php on line 33
[17-May-2025 20:21:13 UTC] PHP Warning:  Undefined variable $thumbnail_url in /Users/milfuegos/Sites/msm-dev/app/public/wp-content/themes/msm/templates/sections/home_news.php on line 86
[17-May-2025 20:21:13 UTC] PHP Warning:  Undefined variable $thumbnail_url in /Users/milfuegos/Sites/msm-dev/app/public/wp-content/themes/msm/templates/sections/home_news.php on line 33
[17-May-2025 20:21:13 UTC] PHP Warning:  Undefined variable $thumbnail_url in /Users/milfuegos/Sites/msm-dev/app/public/wp-content/themes/msm/templates/sections/home_news.php on line 86
[17-May-2025 20:21:13 UTC] PHP Warning:  Undefined variable $thumbnail_url in /Users/milfuegos/Sites/msm-dev/app/public/wp-content/themes/msm/templates/sections/home_news.php on line 33
[17-May-2025 20:21:13 UTC] PHP Warning:  Undefined variable $thumbnail_url in /Users/milfuegos/Sites/msm-dev/app/public/wp-content/themes/msm/templates/sections/home_news.php on line 86
[17-May-2025 20:21:13 UTC] PHP Warning:  Undefined variable $thumbnail_url in /Users/milfuegos/Sites/msm-dev/app/public/wp-content/themes/msm/templates/sections/home_news.php on line 33
[17-May-2025 20:21:13 UTC] PHP Warning:  Undefined variable $thumbnail_url in /Users/milfuegos/Sites/msm-dev/app/public/wp-content/themes/msm/templates/sections/home_news.php on line 86
[17-May-2025 20:21:13 UTC] PHP Warning:  Undefined variable $thumbnail_url in /Users/milfuegos/Sites/msm-dev/app/public/wp-content/themes/msm/templates/sections/home_news.php on line 33
[17-May-2025 20:21:13 UTC] PHP Warning:  Undefined variable $thumbnail_url in /Users/milfuegos/Sites/msm-dev/app/public/wp-content/themes/msm/templates/sections/home_news.php on line 86
[17-May-2025 20:21:13 UTC] PHP Warning:  Undefined variable $thumbnail_url in /Users/milfuegos/Sites/msm-dev/app/public/wp-content/themes/msm/templates/sections/home_news.php on line 33
[17-May-2025 20:21:13 UTC] PHP Warning:  Undefined variable $thumbnail_url in /Users/milfuegos/Sites/msm-dev/app/public/wp-content/themes/msm/templates/sections/home_news.php on line 86
[17-May-2025 20:21:18 UTC] PHP Warning:  Undefined variable $thumbnail_url in /Users/milfuegos/Sites/msm-dev/app/public/wp-content/themes/msm/templates/sections/home_news.php on line 33
[17-May-2025 20:21:18 UTC] PHP Warning:  Undefined variable $thumbnail_url in /Users/milfuegos/Sites/msm-dev/app/public/wp-content/themes/msm/templates/sections/home_news.php on line 86
[17-May-2025 20:21:18 UTC] PHP Warning:  Undefined variable $thumbnail_url in /Users/milfuegos/Sites/msm-dev/app/public/wp-content/themes/msm/templates/sections/home_news.php on line 33
[17-May-2025 20:21:18 UTC] PHP Warning:  Undefined variable $thumbnail_url in /Users/milfuegos/Sites/msm-dev/app/public/wp-content/themes/msm/templates/sections/home_news.php on line 33
[17-May-2025 20:21:18 UTC] PHP Warning:  Undefined variable $thumbnail_url in /Users/milfuegos/Sites/msm-dev/app/public/wp-content/themes/msm/templates/sections/home_news.php on line 86
[17-May-2025 20:21:18 UTC] PHP Warning:  Undefined variable $thumbnail_url in /Users/milfuegos/Sites/msm-dev/app/public/wp-content/themes/msm/templates/sections/home_news.php on line 86
[17-May-2025 20:21:18 UTC] PHP Warning:  Undefined variable $thumbnail_url in /Users/milfuegos/Sites/msm-dev/app/public/wp-content/themes/msm/templates/sections/home_news.php on line 33
[17-May-2025 20:21:18 UTC] PHP Warning:  Undefined variable $thumbnail_url in /Users/milfuegos/Sites/msm-dev/app/public/wp-content/themes/msm/templates/sections/home_news.php on line 86
[17-May-2025 20:21:18 UTC] PHP Warning:  Undefined variable $thumbnail_url in /Users/milfuegos/Sites/msm-dev/app/public/wp-content/themes/msm/templates/sections/home_news.php on line 33
[17-May-2025 20:21:18 UTC] PHP Warning:  Undefined variable $thumbnail_url in /Users/milfuegos/Sites/msm-dev/app/public/wp-content/themes/msm/templates/sections/home_news.php on line 86
[17-May-2025 20:21:18 UTC] PHP Warning:  Undefined variable $thumbnail_url in /Users/milfuegos/Sites/msm-dev/app/public/wp-content/themes/msm/templates/sections/home_news.php on line 33
[17-May-2025 20:21:18 UTC] PHP Warning:  Undefined variable $thumbnail_url in /Users/milfuegos/Sites/msm-dev/app/public/wp-content/themes/msm/templates/sections/home_news.php on line 86
[17-May-2025 20:21:18 UTC] PHP Warning:  Undefined variable $thumbnail_url in /Users/milfuegos/Sites/msm-dev/app/public/wp-content/themes/msm/templates/sections/home_news.php on line 33
[17-May-2025 20:21:18 UTC] PHP Warning:  Undefined variable $thumbnail_url in /Users/milfuegos/Sites/msm-dev/app/public/wp-content/themes/msm/templates/sections/home_news.php on line 86
[17-May-2025 20:21:19 UTC] PHP Warning:  Undefined variable $thumbnail_url in /Users/milfuegos/Sites/msm-dev/app/public/wp-content/themes/msm/templates/sections/home_news.php on line 33
[17-May-2025 20:21:19 UTC] PHP Warning:  Undefined variable $thumbnail_url in /Users/milfuegos/Sites/msm-dev/app/public/wp-content/themes/msm/templates/sections/home_news.php on line 86
[17-May-2025 20:21:19 UTC] PHP Warning:  Undefined variable $thumbnail_url in /Users/milfuegos/Sites/msm-dev/app/public/wp-content/themes/msm/templates/sections/home_news.php on line 33
[17-May-2025 20:21:19 UTC] PHP Warning:  Undefined variable $thumbnail_url in /Users/milfuegos/Sites/msm-dev/app/public/wp-content/themes/msm/templates/sections/home_news.php on line 86
[17-May-2025 20:21:19 UTC] PHP Warning:  Undefined variable $thumbnail_url in /Users/milfuegos/Sites/msm-dev/app/public/wp-content/themes/msm/templates/sections/home_news.php on line 33
[17-May-2025 20:21:19 UTC] PHP Warning:  Undefined variable $thumbnail_url in /Users/milfuegos/Sites/msm-dev/app/public/wp-content/themes/msm/templates/sections/home_news.php on line 86
[17-May-2025 20:21:19 UTC] PHP Warning:  Undefined variable $thumbnail_url in /Users/milfuegos/Sites/msm-dev/app/public/wp-content/themes/msm/templates/sections/home_news.php on line 33
[17-May-2025 20:21:19 UTC] PHP Warning:  Undefined variable $thumbnail_url in /Users/milfuegos/Sites/msm-dev/app/public/wp-content/themes/msm/templates/sections/home_news.php on line 86
[17-May-2025 20:21:19 UTC] PHP Warning:  Undefined variable $thumbnail_url in /Users/milfuegos/Sites/msm-dev/app/public/wp-content/themes/msm/templates/sections/home_news.php on line 33
[17-May-2025 20:21:19 UTC] PHP Warning:  Undefined variable $thumbnail_url in /Users/milfuegos/Sites/msm-dev/app/public/wp-content/themes/msm/templates/sections/home_news.php on line 86
[17-May-2025 20:21:19 UTC] PHP Warning:  Undefined variable $thumbnail_url in /Users/milfuegos/Sites/msm-dev/app/public/wp-content/themes/msm/templates/sections/home_news.php on line 33
[17-May-2025 20:21:20 UTC] PHP Warning:  Undefined variable $thumbnail_url in /Users/milfuegos/Sites/msm-dev/app/public/wp-content/themes/msm/templates/sections/home_news.php on line 86
[17-May-2025 20:21:20 UTC] PHP Warning:  Undefined variable $thumbnail_url in /Users/milfuegos/Sites/msm-dev/app/public/wp-content/themes/msm/templates/sections/home_news.php on line 33
[17-May-2025 20:21:20 UTC] PHP Warning:  Undefined variable $thumbnail_url in /Users/milfuegos/Sites/msm-dev/app/public/wp-content/themes/msm/templates/sections/home_news.php on line 86
[17-May-2025 20:21:27 UTC] PHP Warning:  Undefined variable $thumbnail_url in /Users/milfuegos/Sites/msm-dev/app/public/wp-content/themes/msm/templates/sections/home_news.php on line 33
[17-May-2025 20:21:27 UTC] PHP Warning:  Undefined variable $thumbnail_url in /Users/milfuegos/Sites/msm-dev/app/public/wp-content/themes/msm/templates/sections/home_news.php on line 33
[17-May-2025 20:21:27 UTC] PHP Warning:  Undefined variable $thumbnail_url in /Users/milfuegos/Sites/msm-dev/app/public/wp-content/themes/msm/templates/sections/home_news.php on line 86
[17-May-2025 20:21:27 UTC] PHP Warning:  Undefined variable $thumbnail_url in /Users/milfuegos/Sites/msm-dev/app/public/wp-content/themes/msm/templates/sections/home_news.php on line 86
[17-May-2025 20:21:30 UTC] PHP Warning:  Undefined variable $thumbnail_url in /Users/milfuegos/Sites/msm-dev/app/public/wp-content/themes/msm/templates/sections/home_news.php on line 33
[17-May-2025 20:21:30 UTC] PHP Warning:  Undefined variable $thumbnail_url in /Users/milfuegos/Sites/msm-dev/app/public/wp-content/themes/msm/templates/sections/home_news.php on line 33
[17-May-2025 20:21:30 UTC] PHP Warning:  Undefined variable $thumbnail_url in /Users/milfuegos/Sites/msm-dev/app/public/wp-content/themes/msm/templates/sections/home_news.php on line 86
[17-May-2025 20:21:30 UTC] PHP Warning:  Undefined variable $thumbnail_url in /Users/milfuegos/Sites/msm-dev/app/public/wp-content/themes/msm/templates/sections/home_news.php on line 86
[17-May-2025 20:21:38 UTC] PHP Warning:  Undefined variable $thumbnail_url in /Users/milfuegos/Sites/msm-dev/app/public/wp-content/themes/msm/templates/sections/home_news.php on line 33
[17-May-2025 20:21:38 UTC] PHP Warning:  Undefined variable $thumbnail_url in /Users/milfuegos/Sites/msm-dev/app/public/wp-content/themes/msm/templates/sections/home_news.php on line 86
[17-May-2025 20:21:38 UTC] PHP Warning:  Undefined variable $thumbnail_url in /Users/milfuegos/Sites/msm-dev/app/public/wp-content/themes/msm/templates/sections/home_news.php on line 33
[17-May-2025 20:21:38 UTC] PHP Warning:  Undefined variable $thumbnail_url in /Users/milfuegos/Sites/msm-dev/app/public/wp-content/themes/msm/templates/sections/home_news.php on line 86
[17-May-2025 20:21:53 UTC] PHP Warning:  Undefined variable $thumbnail_url in /Users/milfuegos/Sites/msm-dev/app/public/wp-content/themes/msm/templates/sections/home_news.php on line 33
[17-May-2025 20:21:53 UTC] PHP Warning:  Undefined variable $thumbnail_url in /Users/milfuegos/Sites/msm-dev/app/public/wp-content/themes/msm/templates/sections/home_news.php on line 86
[17-May-2025 20:21:53 UTC] PHP Warning:  Undefined variable $thumbnail_url in /Users/milfuegos/Sites/msm-dev/app/public/wp-content/themes/msm/templates/sections/home_news.php on line 33
[17-May-2025 20:21:53 UTC] PHP Warning:  Undefined variable $thumbnail_url in /Users/milfuegos/Sites/msm-dev/app/public/wp-content/themes/msm/templates/sections/home_news.php on line 86
[17-May-2025 20:21:56 UTC] Page slug: 
[17-May-2025 20:21:56 UTC] Final slug: web.com/.php
[17-May-2025 20:21:56 UTC] Page slug not in template map: 
[17-May-2025 20:21:56 UTC] PHP Warning:  Undefined variable $thumbnail_url in /Users/milfuegos/Sites/msm-dev/app/public/wp-content/themes/msm/templates/sections/home_news.php on line 33
[17-May-2025 20:21:56 UTC] PHP Warning:  Undefined variable $thumbnail_url in /Users/milfuegos/Sites/msm-dev/app/public/wp-content/themes/msm/templates/sections/home_news.php on line 86
[17-May-2025 20:21:56 UTC] PHP Warning:  Undefined variable $thumbnail_url in /Users/milfuegos/Sites/msm-dev/app/public/wp-content/themes/msm/templates/sections/home_news.php on line 33
[17-May-2025 20:21:56 UTC] PHP Warning:  Undefined variable $thumbnail_url in /Users/milfuegos/Sites/msm-dev/app/public/wp-content/themes/msm/templates/sections/home_news.php on line 86
[17-May-2025 20:21:57 UTC] PHP Warning:  Undefined variable $thumbnail_url in /Users/milfuegos/Sites/msm-dev/app/public/wp-content/themes/msm/templates/sections/home_news.php on line 33
[17-May-2025 20:21:57 UTC] PHP Warning:  Undefined variable $thumbnail_url in /Users/milfuegos/Sites/msm-dev/app/public/wp-content/themes/msm/templates/sections/home_news.php on line 33
[17-May-2025 20:21:57 UTC] PHP Warning:  Undefined variable $thumbnail_url in /Users/milfuegos/Sites/msm-dev/app/public/wp-content/themes/msm/templates/sections/home_news.php on line 86
[17-May-2025 20:21:57 UTC] PHP Warning:  Undefined variable $thumbnail_url in /Users/milfuegos/Sites/msm-dev/app/public/wp-content/themes/msm/templates/sections/home_news.php on line 86
[17-May-2025 20:21:57 UTC] PHP Warning:  Undefined variable $thumbnail_url in /Users/milfuegos/Sites/msm-dev/app/public/wp-content/themes/msm/templates/sections/home_news.php on line 33
[17-May-2025 20:21:57 UTC] PHP Warning:  Undefined variable $thumbnail_url in /Users/milfuegos/Sites/msm-dev/app/public/wp-content/themes/msm/templates/sections/home_news.php on line 33
[17-May-2025 20:21:57 UTC] PHP Warning:  Undefined variable $thumbnail_url in /Users/milfuegos/Sites/msm-dev/app/public/wp-content/themes/msm/templates/sections/home_news.php on line 86
[17-May-2025 20:21:57 UTC] PHP Warning:  Undefined variable $thumbnail_url in /Users/milfuegos/Sites/msm-dev/app/public/wp-content/themes/msm/templates/sections/home_news.php on line 86
[17-May-2025 20:21:57 UTC] PHP Warning:  Undefined variable $thumbnail_url in /Users/milfuegos/Sites/msm-dev/app/public/wp-content/themes/msm/templates/sections/home_news.php on line 33
[17-May-2025 20:21:57 UTC] PHP Warning:  Undefined variable $thumbnail_url in /Users/milfuegos/Sites/msm-dev/app/public/wp-content/themes/msm/templates/sections/home_news.php on line 33
[17-May-2025 20:21:57 UTC] PHP Warning:  Undefined variable $thumbnail_url in /Users/milfuegos/Sites/msm-dev/app/public/wp-content/themes/msm/templates/sections/home_news.php on line 86
[17-May-2025 20:21:57 UTC] PHP Warning:  Undefined variable $thumbnail_url in /Users/milfuegos/Sites/msm-dev/app/public/wp-content/themes/msm/templates/sections/home_news.php on line 86
[17-May-2025 20:21:57 UTC] PHP Warning:  Undefined variable $thumbnail_url in /Users/milfuegos/Sites/msm-dev/app/public/wp-content/themes/msm/templates/sections/home_news.php on line 33
[17-May-2025 20:21:57 UTC] PHP Warning:  Undefined variable $thumbnail_url in /Users/milfuegos/Sites/msm-dev/app/public/wp-content/themes/msm/templates/sections/home_news.php on line 33
[17-May-2025 20:21:57 UTC] PHP Warning:  Undefined variable $thumbnail_url in /Users/milfuegos/Sites/msm-dev/app/public/wp-content/themes/msm/templates/sections/home_news.php on line 86
[17-May-2025 20:21:57 UTC] PHP Warning:  Undefined variable $thumbnail_url in /Users/milfuegos/Sites/msm-dev/app/public/wp-content/themes/msm/templates/sections/home_news.php on line 86
[17-May-2025 20:21:57 UTC] PHP Warning:  Undefined variable $thumbnail_url in /Users/milfuegos/Sites/msm-dev/app/public/wp-content/themes/msm/templates/sections/home_news.php on line 33
[17-May-2025 20:21:57 UTC] PHP Warning:  Undefined variable $thumbnail_url in /Users/milfuegos/Sites/msm-dev/app/public/wp-content/themes/msm/templates/sections/home_news.php on line 86
[17-May-2025 20:21:57 UTC] PHP Warning:  Undefined variable $thumbnail_url in /Users/milfuegos/Sites/msm-dev/app/public/wp-content/themes/msm/templates/sections/home_news.php on line 33
[17-May-2025 20:21:57 UTC] PHP Warning:  Undefined variable $thumbnail_url in /Users/milfuegos/Sites/msm-dev/app/public/wp-content/themes/msm/templates/sections/home_news.php on line 86
[17-May-2025 20:21:58 UTC] PHP Warning:  Undefined variable $thumbnail_url in /Users/milfuegos/Sites/msm-dev/app/public/wp-content/themes/msm/templates/sections/home_news.php on line 33
[17-May-2025 20:21:58 UTC] PHP Warning:  Undefined variable $thumbnail_url in /Users/milfuegos/Sites/msm-dev/app/public/wp-content/themes/msm/templates/sections/home_news.php on line 86
[17-May-2025 20:21:58 UTC] PHP Warning:  Undefined variable $thumbnail_url in /Users/milfuegos/Sites/msm-dev/app/public/wp-content/themes/msm/templates/sections/home_news.php on line 33
[17-May-2025 20:21:58 UTC] PHP Warning:  Undefined variable $thumbnail_url in /Users/milfuegos/Sites/msm-dev/app/public/wp-content/themes/msm/templates/sections/home_news.php on line 86
[17-May-2025 20:21:58 UTC] PHP Warning:  Undefined variable $thumbnail_url in /Users/milfuegos/Sites/msm-dev/app/public/wp-content/themes/msm/templates/sections/home_news.php on line 33
[17-May-2025 20:21:58 UTC] PHP Warning:  Undefined variable $thumbnail_url in /Users/milfuegos/Sites/msm-dev/app/public/wp-content/themes/msm/templates/sections/home_news.php on line 86
[17-May-2025 20:21:58 UTC] PHP Warning:  Undefined variable $thumbnail_url in /Users/milfuegos/Sites/msm-dev/app/public/wp-content/themes/msm/templates/sections/home_news.php on line 33
[17-May-2025 20:21:58 UTC] PHP Warning:  Undefined variable $thumbnail_url in /Users/milfuegos/Sites/msm-dev/app/public/wp-content/themes/msm/templates/sections/home_news.php on line 86
[17-May-2025 20:21:58 UTC] PHP Warning:  Undefined variable $thumbnail_url in /Users/milfuegos/Sites/msm-dev/app/public/wp-content/themes/msm/templates/sections/home_news.php on line 33
[17-May-2025 20:21:58 UTC] PHP Warning:  Undefined variable $thumbnail_url in /Users/milfuegos/Sites/msm-dev/app/public/wp-content/themes/msm/templates/sections/home_news.php on line 86
[17-May-2025 20:21:58 UTC] PHP Warning:  Undefined variable $thumbnail_url in /Users/milfuegos/Sites/msm-dev/app/public/wp-content/themes/msm/templates/sections/home_news.php on line 33
[17-May-2025 20:21:58 UTC] PHP Warning:  Undefined variable $thumbnail_url in /Users/milfuegos/Sites/msm-dev/app/public/wp-content/themes/msm/templates/sections/home_news.php on line 33
[17-May-2025 20:21:58 UTC] PHP Warning:  Undefined variable $thumbnail_url in /Users/milfuegos/Sites/msm-dev/app/public/wp-content/themes/msm/templates/sections/home_news.php on line 86
[17-May-2025 20:21:58 UTC] PHP Warning:  Undefined variable $thumbnail_url in /Users/milfuegos/Sites/msm-dev/app/public/wp-content/themes/msm/templates/sections/home_news.php on line 86
[17-May-2025 20:21:59 UTC] PHP Warning:  Undefined variable $thumbnail_url in /Users/milfuegos/Sites/msm-dev/app/public/wp-content/themes/msm/templates/sections/home_news.php on line 33
[17-May-2025 20:21:59 UTC] PHP Warning:  Undefined variable $thumbnail_url in /Users/milfuegos/Sites/msm-dev/app/public/wp-content/themes/msm/templates/sections/home_news.php on line 86
[17-May-2025 20:21:59 UTC] PHP Warning:  Undefined variable $thumbnail_url in /Users/milfuegos/Sites/msm-dev/app/public/wp-content/themes/msm/templates/sections/home_news.php on line 33
[17-May-2025 20:21:59 UTC] PHP Warning:  Undefined variable $thumbnail_url in /Users/milfuegos/Sites/msm-dev/app/public/wp-content/themes/msm/templates/sections/home_news.php on line 86
[17-May-2025 20:21:59 UTC] PHP Warning:  Undefined variable $thumbnail_url in /Users/milfuegos/Sites/msm-dev/app/public/wp-content/themes/msm/templates/sections/home_news.php on line 33
[17-May-2025 20:21:59 UTC] PHP Warning:  Undefined variable $thumbnail_url in /Users/milfuegos/Sites/msm-dev/app/public/wp-content/themes/msm/templates/sections/home_news.php on line 86
[17-May-2025 20:21:59 UTC] PHP Warning:  Undefined variable $thumbnail_url in /Users/milfuegos/Sites/msm-dev/app/public/wp-content/themes/msm/templates/sections/home_news.php on line 33
[17-May-2025 20:21:59 UTC] PHP Warning:  Undefined variable $thumbnail_url in /Users/milfuegos/Sites/msm-dev/app/public/wp-content/themes/msm/templates/sections/home_news.php on line 86
[17-May-2025 20:21:59 UTC] PHP Warning:  Undefined variable $thumbnail_url in /Users/milfuegos/Sites/msm-dev/app/public/wp-content/themes/msm/templates/sections/home_news.php on line 33
[17-May-2025 20:21:59 UTC] PHP Warning:  Undefined variable $thumbnail_url in /Users/milfuegos/Sites/msm-dev/app/public/wp-content/themes/msm/templates/sections/home_news.php on line 86
[17-May-2025 20:21:59 UTC] PHP Warning:  Undefined variable $thumbnail_url in /Users/milfuegos/Sites/msm-dev/app/public/wp-content/themes/msm/templates/sections/home_news.php on line 33
[17-May-2025 20:21:59 UTC] PHP Warning:  Undefined variable $thumbnail_url in /Users/milfuegos/Sites/msm-dev/app/public/wp-content/themes/msm/templates/sections/home_news.php on line 86
[17-May-2025 20:21:59 UTC] PHP Warning:  Undefined variable $thumbnail_url in /Users/milfuegos/Sites/msm-dev/app/public/wp-content/themes/msm/templates/sections/home_news.php on line 33
[17-May-2025 20:21:59 UTC] PHP Warning:  Undefined variable $thumbnail_url in /Users/milfuegos/Sites/msm-dev/app/public/wp-content/themes/msm/templates/sections/home_news.php on line 86
[17-May-2025 20:22:08 UTC] PHP Warning:  Undefined variable $thumbnail_url in /Users/milfuegos/Sites/msm-dev/app/public/wp-content/themes/msm/templates/sections/home_news.php on line 33
[17-May-2025 20:22:08 UTC] PHP Warning:  Undefined variable $thumbnail_url in /Users/milfuegos/Sites/msm-dev/app/public/wp-content/themes/msm/templates/sections/home_news.php on line 86
[17-May-2025 20:22:08 UTC] PHP Warning:  Undefined variable $thumbnail_url in /Users/milfuegos/Sites/msm-dev/app/public/wp-content/themes/msm/templates/sections/home_news.php on line 33
[17-May-2025 20:22:08 UTC] PHP Warning:  Undefined variable $thumbnail_url in /Users/milfuegos/Sites/msm-dev/app/public/wp-content/themes/msm/templates/sections/home_news.php on line 86
[17-May-2025 20:22:08 UTC] PHP Warning:  Undefined variable $thumbnail_url in /Users/milfuegos/Sites/msm-dev/app/public/wp-content/themes/msm/templates/sections/home_news.php on line 33
[17-May-2025 20:22:08 UTC] PHP Warning:  Undefined variable $thumbnail_url in /Users/milfuegos/Sites/msm-dev/app/public/wp-content/themes/msm/templates/sections/home_news.php on line 33
[17-May-2025 20:22:08 UTC] PHP Warning:  Undefined variable $thumbnail_url in /Users/milfuegos/Sites/msm-dev/app/public/wp-content/themes/msm/templates/sections/home_news.php on line 86
[17-May-2025 20:22:08 UTC] PHP Warning:  Undefined variable $thumbnail_url in /Users/milfuegos/Sites/msm-dev/app/public/wp-content/themes/msm/templates/sections/home_news.php on line 86
[17-May-2025 20:24:27 UTC] Page slug: 
[17-May-2025 20:24:27 UTC] Final slug: web.com/.php
[17-May-2025 20:24:27 UTC] Page slug not in template map: 
[17-May-2025 20:24:28 UTC] PHP Warning:  Undefined variable $thumbnail_url in /Users/milfuegos/Sites/msm-dev/app/public/wp-content/themes/msm/templates/sections/home_news.php on line 33
[17-May-2025 20:24:28 UTC] PHP Warning:  Undefined variable $thumbnail_url in /Users/milfuegos/Sites/msm-dev/app/public/wp-content/themes/msm/templates/sections/home_news.php on line 33
[17-May-2025 20:24:28 UTC] PHP Warning:  Undefined variable $thumbnail_url in /Users/milfuegos/Sites/msm-dev/app/public/wp-content/themes/msm/templates/sections/home_news.php on line 86
[17-May-2025 20:24:28 UTC] PHP Warning:  Undefined variable $thumbnail_url in /Users/milfuegos/Sites/msm-dev/app/public/wp-content/themes/msm/templates/sections/home_news.php on line 86
[17-May-2025 20:24:28 UTC] PHP Warning:  Undefined variable $thumbnail_url in /Users/milfuegos/Sites/msm-dev/app/public/wp-content/themes/msm/templates/sections/home_news.php on line 33
[17-May-2025 20:24:28 UTC] PHP Warning:  Undefined variable $thumbnail_url in /Users/milfuegos/Sites/msm-dev/app/public/wp-content/themes/msm/templates/sections/home_news.php on line 86
[17-May-2025 20:24:28 UTC] PHP Warning:  Undefined variable $thumbnail_url in /Users/milfuegos/Sites/msm-dev/app/public/wp-content/themes/msm/templates/sections/home_news.php on line 33
[17-May-2025 20:24:28 UTC] PHP Warning:  Undefined variable $thumbnail_url in /Users/milfuegos/Sites/msm-dev/app/public/wp-content/themes/msm/templates/sections/home_news.php on line 86
[17-May-2025 20:24:28 UTC] PHP Warning:  Undefined variable $thumbnail_url in /Users/milfuegos/Sites/msm-dev/app/public/wp-content/themes/msm/templates/sections/home_news.php on line 33
[17-May-2025 20:24:28 UTC] PHP Warning:  Undefined variable $thumbnail_url in /Users/milfuegos/Sites/msm-dev/app/public/wp-content/themes/msm/templates/sections/home_news.php on line 86
[17-May-2025 20:24:28 UTC] PHP Warning:  Undefined variable $thumbnail_url in /Users/milfuegos/Sites/msm-dev/app/public/wp-content/themes/msm/templates/sections/home_news.php on line 33
[17-May-2025 20:24:28 UTC] PHP Warning:  Undefined variable $thumbnail_url in /Users/milfuegos/Sites/msm-dev/app/public/wp-content/themes/msm/templates/sections/home_news.php on line 86
[17-May-2025 20:24:28 UTC] PHP Warning:  Undefined variable $thumbnail_url in /Users/milfuegos/Sites/msm-dev/app/public/wp-content/themes/msm/templates/sections/home_news.php on line 33
[17-May-2025 20:24:28 UTC] PHP Warning:  Undefined variable $thumbnail_url in /Users/milfuegos/Sites/msm-dev/app/public/wp-content/themes/msm/templates/sections/home_news.php on line 86
[17-May-2025 20:24:28 UTC] PHP Warning:  Undefined variable $thumbnail_url in /Users/milfuegos/Sites/msm-dev/app/public/wp-content/themes/msm/templates/sections/home_news.php on line 33
[17-May-2025 20:24:28 UTC] PHP Warning:  Undefined variable $thumbnail_url in /Users/milfuegos/Sites/msm-dev/app/public/wp-content/themes/msm/templates/sections/home_news.php on line 86
[17-May-2025 20:24:28 UTC] PHP Warning:  Undefined variable $thumbnail_url in /Users/milfuegos/Sites/msm-dev/app/public/wp-content/themes/msm/templates/sections/home_news.php on line 33
[17-May-2025 20:24:28 UTC] PHP Warning:  Undefined variable $thumbnail_url in /Users/milfuegos/Sites/msm-dev/app/public/wp-content/themes/msm/templates/sections/home_news.php on line 86
[17-May-2025 20:24:28 UTC] PHP Warning:  Undefined variable $thumbnail_url in /Users/milfuegos/Sites/msm-dev/app/public/wp-content/themes/msm/templates/sections/home_news.php on line 33
[17-May-2025 20:24:28 UTC] PHP Warning:  Undefined variable $thumbnail_url in /Users/milfuegos/Sites/msm-dev/app/public/wp-content/themes/msm/templates/sections/home_news.php on line 86
[17-May-2025 20:24:29 UTC] PHP Warning:  Undefined variable $thumbnail_url in /Users/milfuegos/Sites/msm-dev/app/public/wp-content/themes/msm/templates/sections/home_news.php on line 33
[17-May-2025 20:24:29 UTC] PHP Warning:  Undefined variable $thumbnail_url in /Users/milfuegos/Sites/msm-dev/app/public/wp-content/themes/msm/templates/sections/home_news.php on line 86
[17-May-2025 20:24:29 UTC] PHP Warning:  Undefined variable $thumbnail_url in /Users/milfuegos/Sites/msm-dev/app/public/wp-content/themes/msm/templates/sections/home_news.php on line 33
[17-May-2025 20:24:29 UTC] PHP Warning:  Undefined variable $thumbnail_url in /Users/milfuegos/Sites/msm-dev/app/public/wp-content/themes/msm/templates/sections/home_news.php on line 86
[17-May-2025 20:24:31 UTC] Page slug: 
[17-May-2025 20:24:31 UTC] Final slug: web.com/.php
[17-May-2025 20:24:31 UTC] Page slug not in template map: 
[17-May-2025 20:24:31 UTC] PHP Warning:  Undefined variable $thumbnail_url in /Users/milfuegos/Sites/msm-dev/app/public/wp-content/themes/msm/templates/sections/home_news.php on line 33
[17-May-2025 20:24:31 UTC] PHP Warning:  Undefined variable $thumbnail_url in /Users/milfuegos/Sites/msm-dev/app/public/wp-content/themes/msm/templates/sections/home_news.php on line 86
[17-May-2025 20:24:31 UTC] PHP Warning:  Undefined variable $thumbnail_url in /Users/milfuegos/Sites/msm-dev/app/public/wp-content/themes/msm/templates/sections/home_news.php on line 33
[17-May-2025 20:24:31 UTC] PHP Warning:  Undefined variable $thumbnail_url in /Users/milfuegos/Sites/msm-dev/app/public/wp-content/themes/msm/templates/sections/home_news.php on line 86
[17-May-2025 20:24:32 UTC] PHP Warning:  Undefined variable $thumbnail_url in /Users/milfuegos/Sites/msm-dev/app/public/wp-content/themes/msm/templates/sections/home_news.php on line 33
[17-May-2025 20:24:32 UTC] PHP Warning:  Undefined variable $thumbnail_url in /Users/milfuegos/Sites/msm-dev/app/public/wp-content/themes/msm/templates/sections/home_news.php on line 86
[17-May-2025 20:24:32 UTC] PHP Warning:  Undefined variable $thumbnail_url in /Users/milfuegos/Sites/msm-dev/app/public/wp-content/themes/msm/templates/sections/home_news.php on line 33
[17-May-2025 20:24:32 UTC] PHP Warning:  Undefined variable $thumbnail_url in /Users/milfuegos/Sites/msm-dev/app/public/wp-content/themes/msm/templates/sections/home_news.php on line 86
[17-May-2025 20:24:32 UTC] PHP Warning:  Undefined variable $thumbnail_url in /Users/milfuegos/Sites/msm-dev/app/public/wp-content/themes/msm/templates/sections/home_news.php on line 33
[17-May-2025 20:24:32 UTC] PHP Warning:  Undefined variable $thumbnail_url in /Users/milfuegos/Sites/msm-dev/app/public/wp-content/themes/msm/templates/sections/home_news.php on line 86
[17-May-2025 20:24:32 UTC] PHP Warning:  Undefined variable $thumbnail_url in /Users/milfuegos/Sites/msm-dev/app/public/wp-content/themes/msm/templates/sections/home_news.php on line 33
[17-May-2025 20:24:32 UTC] PHP Warning:  Undefined variable $thumbnail_url in /Users/milfuegos/Sites/msm-dev/app/public/wp-content/themes/msm/templates/sections/home_news.php on line 86
[17-May-2025 20:24:33 UTC] PHP Warning:  Undefined variable $thumbnail_url in /Users/milfuegos/Sites/msm-dev/app/public/wp-content/themes/msm/templates/sections/home_news.php on line 33
[17-May-2025 20:24:33 UTC] PHP Warning:  Undefined variable $thumbnail_url in /Users/milfuegos/Sites/msm-dev/app/public/wp-content/themes/msm/templates/sections/home_news.php on line 86
[17-May-2025 20:24:33 UTC] PHP Warning:  Undefined variable $thumbnail_url in /Users/milfuegos/Sites/msm-dev/app/public/wp-content/themes/msm/templates/sections/home_news.php on line 33
[17-May-2025 20:24:33 UTC] PHP Warning:  Undefined variable $thumbnail_url in /Users/milfuegos/Sites/msm-dev/app/public/wp-content/themes/msm/templates/sections/home_news.php on line 86
[17-May-2025 20:24:34 UTC] PHP Warning:  Undefined variable $thumbnail_url in /Users/milfuegos/Sites/msm-dev/app/public/wp-content/themes/msm/templates/sections/home_news.php on line 33
[17-May-2025 20:24:34 UTC] PHP Warning:  Undefined variable $thumbnail_url in /Users/milfuegos/Sites/msm-dev/app/public/wp-content/themes/msm/templates/sections/home_news.php on line 86
[17-May-2025 20:24:34 UTC] PHP Warning:  Undefined variable $thumbnail_url in /Users/milfuegos/Sites/msm-dev/app/public/wp-content/themes/msm/templates/sections/home_news.php on line 33
[17-May-2025 20:24:34 UTC] PHP Warning:  Undefined variable $thumbnail_url in /Users/milfuegos/Sites/msm-dev/app/public/wp-content/themes/msm/templates/sections/home_news.php on line 86
[17-May-2025 20:24:34 UTC] PHP Warning:  Undefined variable $thumbnail_url in /Users/milfuegos/Sites/msm-dev/app/public/wp-content/themes/msm/templates/sections/home_news.php on line 33
[17-May-2025 20:24:34 UTC] PHP Warning:  Undefined variable $thumbnail_url in /Users/milfuegos/Sites/msm-dev/app/public/wp-content/themes/msm/templates/sections/home_news.php on line 86
[17-May-2025 20:24:34 UTC] PHP Warning:  Undefined variable $thumbnail_url in /Users/milfuegos/Sites/msm-dev/app/public/wp-content/themes/msm/templates/sections/home_news.php on line 33
[17-May-2025 20:24:34 UTC] PHP Warning:  Undefined variable $thumbnail_url in /Users/milfuegos/Sites/msm-dev/app/public/wp-content/themes/msm/templates/sections/home_news.php on line 86
[17-May-2025 20:24:34 UTC] PHP Warning:  Undefined variable $thumbnail_url in /Users/milfuegos/Sites/msm-dev/app/public/wp-content/themes/msm/templates/sections/home_news.php on line 33
[17-May-2025 20:24:34 UTC] PHP Warning:  Undefined variable $thumbnail_url in /Users/milfuegos/Sites/msm-dev/app/public/wp-content/themes/msm/templates/sections/home_news.php on line 86
[17-May-2025 20:24:34 UTC] PHP Warning:  Undefined variable $thumbnail_url in /Users/milfuegos/Sites/msm-dev/app/public/wp-content/themes/msm/templates/sections/home_news.php on line 33
[17-May-2025 20:24:34 UTC] PHP Warning:  Undefined variable $thumbnail_url in /Users/milfuegos/Sites/msm-dev/app/public/wp-content/themes/msm/templates/sections/home_news.php on line 86
[17-May-2025 20:24:55 UTC] PHP Warning:  Undefined variable $thumbnail_url in /Users/milfuegos/Sites/msm-dev/app/public/wp-content/themes/msm/templates/sections/home_news.php on line 33
[17-May-2025 20:24:55 UTC] PHP Warning:  Undefined variable $thumbnail_url in /Users/milfuegos/Sites/msm-dev/app/public/wp-content/themes/msm/templates/sections/home_news.php on line 33
[17-May-2025 20:24:55 UTC] PHP Warning:  Undefined variable $thumbnail_url in /Users/milfuegos/Sites/msm-dev/app/public/wp-content/themes/msm/templates/sections/home_news.php on line 86
[17-May-2025 20:24:55 UTC] PHP Warning:  Undefined variable $thumbnail_url in /Users/milfuegos/Sites/msm-dev/app/public/wp-content/themes/msm/templates/sections/home_news.php on line 86
[17-May-2025 20:25:01 UTC] PHP Warning:  Undefined variable $thumbnail_url in /Users/milfuegos/Sites/msm-dev/app/public/wp-content/themes/msm/templates/sections/home_news.php on line 33
[17-May-2025 20:25:01 UTC] PHP Warning:  Undefined variable $thumbnail_url in /Users/milfuegos/Sites/msm-dev/app/public/wp-content/themes/msm/templates/sections/home_news.php on line 33
[17-May-2025 20:25:01 UTC] PHP Warning:  Undefined variable $thumbnail_url in /Users/milfuegos/Sites/msm-dev/app/public/wp-content/themes/msm/templates/sections/home_news.php on line 86
[17-May-2025 20:25:01 UTC] PHP Warning:  Undefined variable $thumbnail_url in /Users/milfuegos/Sites/msm-dev/app/public/wp-content/themes/msm/templates/sections/home_news.php on line 86
[17-May-2025 20:25:53 UTC] PHP Warning:  Undefined variable $thumbnail_url in /Users/milfuegos/Sites/msm-dev/app/public/wp-content/themes/msm/templates/sections/home_news.php on line 33
[17-May-2025 20:25:53 UTC] PHP Warning:  Undefined variable $thumbnail_url in /Users/milfuegos/Sites/msm-dev/app/public/wp-content/themes/msm/templates/sections/home_news.php on line 86
[17-May-2025 20:25:54 UTC] PHP Warning:  Undefined variable $thumbnail_url in /Users/milfuegos/Sites/msm-dev/app/public/wp-content/themes/msm/templates/sections/home_news.php on line 33
[17-May-2025 20:25:54 UTC] PHP Warning:  Undefined variable $thumbnail_url in /Users/milfuegos/Sites/msm-dev/app/public/wp-content/themes/msm/templates/sections/home_news.php on line 86
[17-May-2025 20:25:54 UTC] PHP Warning:  Undefined variable $thumbnail_url in /Users/milfuegos/Sites/msm-dev/app/public/wp-content/themes/msm/templates/sections/home_news.php on line 33
[17-May-2025 20:25:54 UTC] PHP Warning:  Undefined variable $thumbnail_url in /Users/milfuegos/Sites/msm-dev/app/public/wp-content/themes/msm/templates/sections/home_news.php on line 86
[17-May-2025 20:25:54 UTC] PHP Warning:  Undefined variable $thumbnail_url in /Users/milfuegos/Sites/msm-dev/app/public/wp-content/themes/msm/templates/sections/home_news.php on line 33
[17-May-2025 20:25:54 UTC] PHP Warning:  Undefined variable $thumbnail_url in /Users/milfuegos/Sites/msm-dev/app/public/wp-content/themes/msm/templates/sections/home_news.php on line 86
[17-May-2025 20:25:54 UTC] PHP Warning:  Undefined variable $thumbnail_url in /Users/milfuegos/Sites/msm-dev/app/public/wp-content/themes/msm/templates/sections/home_news.php on line 33
[17-May-2025 20:25:54 UTC] PHP Warning:  Undefined variable $thumbnail_url in /Users/milfuegos/Sites/msm-dev/app/public/wp-content/themes/msm/templates/sections/home_news.php on line 86
[17-May-2025 20:25:55 UTC] PHP Warning:  Undefined variable $thumbnail_url in /Users/milfuegos/Sites/msm-dev/app/public/wp-content/themes/msm/templates/sections/home_news.php on line 33
[17-May-2025 20:25:55 UTC] PHP Warning:  Undefined variable $thumbnail_url in /Users/milfuegos/Sites/msm-dev/app/public/wp-content/themes/msm/templates/sections/home_news.php on line 86
[17-May-2025 20:25:55 UTC] PHP Warning:  Undefined variable $thumbnail_url in /Users/milfuegos/Sites/msm-dev/app/public/wp-content/themes/msm/templates/sections/home_news.php on line 33
[17-May-2025 20:25:55 UTC] PHP Warning:  Undefined variable $thumbnail_url in /Users/milfuegos/Sites/msm-dev/app/public/wp-content/themes/msm/templates/sections/home_news.php on line 86
[17-May-2025 20:25:55 UTC] PHP Warning:  Undefined variable $thumbnail_url in /Users/milfuegos/Sites/msm-dev/app/public/wp-content/themes/msm/templates/sections/home_news.php on line 33
[17-May-2025 20:25:55 UTC] PHP Warning:  Undefined variable $thumbnail_url in /Users/milfuegos/Sites/msm-dev/app/public/wp-content/themes/msm/templates/sections/home_news.php on line 86
[17-May-2025 20:25:55 UTC] PHP Warning:  Undefined variable $thumbnail_url in /Users/milfuegos/Sites/msm-dev/app/public/wp-content/themes/msm/templates/sections/home_news.php on line 33
[17-May-2025 20:25:55 UTC] PHP Warning:  Undefined variable $thumbnail_url in /Users/milfuegos/Sites/msm-dev/app/public/wp-content/themes/msm/templates/sections/home_news.php on line 86
[17-May-2025 20:25:56 UTC] PHP Warning:  Undefined variable $thumbnail_url in /Users/milfuegos/Sites/msm-dev/app/public/wp-content/themes/msm/templates/sections/home_news.php on line 33
[17-May-2025 20:25:56 UTC] PHP Warning:  Undefined variable $thumbnail_url in /Users/milfuegos/Sites/msm-dev/app/public/wp-content/themes/msm/templates/sections/home_news.php on line 86
[17-May-2025 20:25:56 UTC] PHP Warning:  Undefined variable $thumbnail_url in /Users/milfuegos/Sites/msm-dev/app/public/wp-content/themes/msm/templates/sections/home_news.php on line 33
[17-May-2025 20:25:56 UTC] PHP Warning:  Undefined variable $thumbnail_url in /Users/milfuegos/Sites/msm-dev/app/public/wp-content/themes/msm/templates/sections/home_news.php on line 86
[17-May-2025 20:25:56 UTC] PHP Warning:  Undefined variable $thumbnail_url in /Users/milfuegos/Sites/msm-dev/app/public/wp-content/themes/msm/templates/sections/home_news.php on line 33
[17-May-2025 20:25:56 UTC] PHP Warning:  Undefined variable $thumbnail_url in /Users/milfuegos/Sites/msm-dev/app/public/wp-content/themes/msm/templates/sections/home_news.php on line 86
[17-May-2025 20:25:56 UTC] PHP Warning:  Undefined variable $thumbnail_url in /Users/milfuegos/Sites/msm-dev/app/public/wp-content/themes/msm/templates/sections/home_news.php on line 33
[17-May-2025 20:25:56 UTC] PHP Warning:  Undefined variable $thumbnail_url in /Users/milfuegos/Sites/msm-dev/app/public/wp-content/themes/msm/templates/sections/home_news.php on line 86
[17-May-2025 20:25:56 UTC] PHP Warning:  Undefined variable $thumbnail_url in /Users/milfuegos/Sites/msm-dev/app/public/wp-content/themes/msm/templates/sections/home_news.php on line 33
[17-May-2025 20:25:56 UTC] PHP Warning:  Undefined variable $thumbnail_url in /Users/milfuegos/Sites/msm-dev/app/public/wp-content/themes/msm/templates/sections/home_news.php on line 86
[17-May-2025 20:27:09 UTC] PHP Warning:  Undefined variable $thumbnail_url in /Users/milfuegos/Sites/msm-dev/app/public/wp-content/themes/msm/templates/sections/home_news.php on line 33
[17-May-2025 20:27:09 UTC] PHP Warning:  Undefined variable $thumbnail_url in /Users/milfuegos/Sites/msm-dev/app/public/wp-content/themes/msm/templates/sections/home_news.php on line 33
[17-May-2025 20:27:09 UTC] PHP Warning:  Undefined variable $thumbnail_url in /Users/milfuegos/Sites/msm-dev/app/public/wp-content/themes/msm/templates/sections/home_news.php on line 86
[17-May-2025 20:27:09 UTC] PHP Warning:  Undefined variable $thumbnail_url in /Users/milfuegos/Sites/msm-dev/app/public/wp-content/themes/msm/templates/sections/home_news.php on line 86
[17-May-2025 20:28:18 UTC] PHP Warning:  Undefined variable $thumbnail_url in /Users/milfuegos/Sites/msm-dev/app/public/wp-content/themes/msm/templates/sections/home_news.php on line 33
[17-May-2025 20:28:18 UTC] PHP Warning:  Undefined variable $thumbnail_url in /Users/milfuegos/Sites/msm-dev/app/public/wp-content/themes/msm/templates/sections/home_news.php on line 86
[17-May-2025 20:28:18 UTC] PHP Warning:  Undefined variable $thumbnail_url in /Users/milfuegos/Sites/msm-dev/app/public/wp-content/themes/msm/templates/sections/home_news.php on line 33
[17-May-2025 20:28:18 UTC] PHP Warning:  Undefined variable $thumbnail_url in /Users/milfuegos/Sites/msm-dev/app/public/wp-content/themes/msm/templates/sections/home_news.php on line 86
[17-May-2025 20:28:21 UTC] PHP Warning:  Undefined variable $thumbnail_url in /Users/milfuegos/Sites/msm-dev/app/public/wp-content/themes/msm/templates/sections/home_news.php on line 33
[17-May-2025 20:28:21 UTC] PHP Warning:  Undefined variable $thumbnail_url in /Users/milfuegos/Sites/msm-dev/app/public/wp-content/themes/msm/templates/sections/home_news.php on line 86
[17-May-2025 20:28:21 UTC] PHP Warning:  Undefined variable $thumbnail_url in /Users/milfuegos/Sites/msm-dev/app/public/wp-content/themes/msm/templates/sections/home_news.php on line 33
[17-May-2025 20:28:21 UTC] PHP Warning:  Undefined variable $thumbnail_url in /Users/milfuegos/Sites/msm-dev/app/public/wp-content/themes/msm/templates/sections/home_news.php on line 86
[17-May-2025 20:30:02 UTC] PHP Warning:  Undefined variable $thumbnail_url in /Users/milfuegos/Sites/msm-dev/app/public/wp-content/themes/msm/templates/sections/home_news.php on line 33
[17-May-2025 20:30:02 UTC] PHP Warning:  Undefined variable $thumbnail_url in /Users/milfuegos/Sites/msm-dev/app/public/wp-content/themes/msm/templates/sections/home_news.php on line 86
[17-May-2025 20:30:02 UTC] PHP Warning:  Undefined variable $thumbnail_url in /Users/milfuegos/Sites/msm-dev/app/public/wp-content/themes/msm/templates/sections/home_news.php on line 33
[17-May-2025 20:30:02 UTC] PHP Warning:  Undefined variable $thumbnail_url in /Users/milfuegos/Sites/msm-dev/app/public/wp-content/themes/msm/templates/sections/home_news.php on line 86
[17-May-2025 20:30:03 UTC] PHP Warning:  Undefined variable $thumbnail_url in /Users/milfuegos/Sites/msm-dev/app/public/wp-content/themes/msm/templates/sections/home_news.php on line 33
[17-May-2025 20:30:03 UTC] PHP Warning:  Undefined variable $thumbnail_url in /Users/milfuegos/Sites/msm-dev/app/public/wp-content/themes/msm/templates/sections/home_news.php on line 86
[17-May-2025 20:30:03 UTC] PHP Warning:  Undefined variable $thumbnail_url in /Users/milfuegos/Sites/msm-dev/app/public/wp-content/themes/msm/templates/sections/home_news.php on line 33
[17-May-2025 20:30:03 UTC] PHP Warning:  Undefined variable $thumbnail_url in /Users/milfuegos/Sites/msm-dev/app/public/wp-content/themes/msm/templates/sections/home_news.php on line 86
[17-May-2025 20:30:03 UTC] PHP Warning:  Undefined variable $thumbnail_url in /Users/milfuegos/Sites/msm-dev/app/public/wp-content/themes/msm/templates/sections/home_news.php on line 33
[17-May-2025 20:30:03 UTC] PHP Warning:  Undefined variable $thumbnail_url in /Users/milfuegos/Sites/msm-dev/app/public/wp-content/themes/msm/templates/sections/home_news.php on line 86
[17-May-2025 20:30:03 UTC] PHP Warning:  Undefined variable $thumbnail_url in /Users/milfuegos/Sites/msm-dev/app/public/wp-content/themes/msm/templates/sections/home_news.php on line 33
[17-May-2025 20:30:03 UTC] PHP Warning:  Undefined variable $thumbnail_url in /Users/milfuegos/Sites/msm-dev/app/public/wp-content/themes/msm/templates/sections/home_news.php on line 86
[17-May-2025 20:30:03 UTC] PHP Warning:  Undefined variable $thumbnail_url in /Users/milfuegos/Sites/msm-dev/app/public/wp-content/themes/msm/templates/sections/home_news.php on line 33
[17-May-2025 20:30:03 UTC] PHP Warning:  Undefined variable $thumbnail_url in /Users/milfuegos/Sites/msm-dev/app/public/wp-content/themes/msm/templates/sections/home_news.php on line 86
[17-May-2025 20:30:04 UTC] PHP Warning:  Undefined variable $thumbnail_url in /Users/milfuegos/Sites/msm-dev/app/public/wp-content/themes/msm/templates/sections/home_news.php on line 33
[17-May-2025 20:30:04 UTC] PHP Warning:  Undefined variable $thumbnail_url in /Users/milfuegos/Sites/msm-dev/app/public/wp-content/themes/msm/templates/sections/home_news.php on line 33
[17-May-2025 20:30:04 UTC] PHP Warning:  Undefined variable $thumbnail_url in /Users/milfuegos/Sites/msm-dev/app/public/wp-content/themes/msm/templates/sections/home_news.php on line 86
[17-May-2025 20:30:04 UTC] PHP Warning:  Undefined variable $thumbnail_url in /Users/milfuegos/Sites/msm-dev/app/public/wp-content/themes/msm/templates/sections/home_news.php on line 86
[17-May-2025 20:30:04 UTC] PHP Warning:  Undefined variable $thumbnail_url in /Users/milfuegos/Sites/msm-dev/app/public/wp-content/themes/msm/templates/sections/home_news.php on line 33
[17-May-2025 20:30:04 UTC] PHP Warning:  Undefined variable $thumbnail_url in /Users/milfuegos/Sites/msm-dev/app/public/wp-content/themes/msm/templates/sections/home_news.php on line 33
[17-May-2025 20:30:04 UTC] PHP Warning:  Undefined variable $thumbnail_url in /Users/milfuegos/Sites/msm-dev/app/public/wp-content/themes/msm/templates/sections/home_news.php on line 86
[17-May-2025 20:30:04 UTC] PHP Warning:  Undefined variable $thumbnail_url in /Users/milfuegos/Sites/msm-dev/app/public/wp-content/themes/msm/templates/sections/home_news.php on line 86
[17-May-2025 20:30:05 UTC] PHP Warning:  Undefined variable $thumbnail_url in /Users/milfuegos/Sites/msm-dev/app/public/wp-content/themes/msm/templates/sections/home_news.php on line 33
[17-May-2025 20:30:05 UTC] PHP Warning:  Undefined variable $thumbnail_url in /Users/milfuegos/Sites/msm-dev/app/public/wp-content/themes/msm/templates/sections/home_news.php on line 86
[17-May-2025 20:30:05 UTC] PHP Warning:  Undefined variable $thumbnail_url in /Users/milfuegos/Sites/msm-dev/app/public/wp-content/themes/msm/templates/sections/home_news.php on line 33
[17-May-2025 20:30:05 UTC] PHP Warning:  Undefined variable $thumbnail_url in /Users/milfuegos/Sites/msm-dev/app/public/wp-content/themes/msm/templates/sections/home_news.php on line 86
[17-May-2025 20:30:05 UTC] PHP Warning:  Undefined variable $thumbnail_url in /Users/milfuegos/Sites/msm-dev/app/public/wp-content/themes/msm/templates/sections/home_news.php on line 33
[17-May-2025 20:30:05 UTC] PHP Warning:  Undefined variable $thumbnail_url in /Users/milfuegos/Sites/msm-dev/app/public/wp-content/themes/msm/templates/sections/home_news.php on line 86
[17-May-2025 20:33:14 UTC] Page slug: 
[17-May-2025 20:33:14 UTC] Final slug: web.com/.php
[17-May-2025 20:33:14 UTC] Page slug not in template map: 
[17-May-2025 20:33:15 UTC] PHP Warning:  Undefined variable $thumbnail_url in /Users/milfuegos/Sites/msm-dev/app/public/wp-content/themes/msm/templates/sections/home_news.php on line 33
[17-May-2025 20:33:15 UTC] PHP Warning:  Undefined variable $thumbnail_url in /Users/milfuegos/Sites/msm-dev/app/public/wp-content/themes/msm/templates/sections/home_news.php on line 33
[17-May-2025 20:33:15 UTC] PHP Warning:  Undefined variable $thumbnail_url in /Users/milfuegos/Sites/msm-dev/app/public/wp-content/themes/msm/templates/sections/home_news.php on line 86
[17-May-2025 20:33:15 UTC] PHP Warning:  Undefined variable $thumbnail_url in /Users/milfuegos/Sites/msm-dev/app/public/wp-content/themes/msm/templates/sections/home_news.php on line 86
[17-May-2025 20:33:15 UTC] PHP Warning:  Undefined variable $thumbnail_url in /Users/milfuegos/Sites/msm-dev/app/public/wp-content/themes/msm/templates/sections/home_news.php on line 33
[17-May-2025 20:33:15 UTC] PHP Warning:  Undefined variable $thumbnail_url in /Users/milfuegos/Sites/msm-dev/app/public/wp-content/themes/msm/templates/sections/home_news.php on line 86
[17-May-2025 20:33:15 UTC] PHP Warning:  Undefined variable $thumbnail_url in /Users/milfuegos/Sites/msm-dev/app/public/wp-content/themes/msm/templates/sections/home_news.php on line 33
[17-May-2025 20:33:15 UTC] PHP Warning:  Undefined variable $thumbnail_url in /Users/milfuegos/Sites/msm-dev/app/public/wp-content/themes/msm/templates/sections/home_news.php on line 86
[17-May-2025 20:33:15 UTC] PHP Warning:  Undefined variable $thumbnail_url in /Users/milfuegos/Sites/msm-dev/app/public/wp-content/themes/msm/templates/sections/home_news.php on line 33
[17-May-2025 20:33:15 UTC] PHP Warning:  Undefined variable $thumbnail_url in /Users/milfuegos/Sites/msm-dev/app/public/wp-content/themes/msm/templates/sections/home_news.php on line 86
[17-May-2025 20:33:15 UTC] PHP Warning:  Undefined variable $thumbnail_url in /Users/milfuegos/Sites/msm-dev/app/public/wp-content/themes/msm/templates/sections/home_news.php on line 33
[17-May-2025 20:33:15 UTC] PHP Warning:  Undefined variable $thumbnail_url in /Users/milfuegos/Sites/msm-dev/app/public/wp-content/themes/msm/templates/sections/home_news.php on line 86
[17-May-2025 20:33:16 UTC] PHP Warning:  Undefined variable $thumbnail_url in /Users/milfuegos/Sites/msm-dev/app/public/wp-content/themes/msm/templates/sections/home_news.php on line 33
[17-May-2025 20:33:16 UTC] PHP Warning:  Undefined variable $thumbnail_url in /Users/milfuegos/Sites/msm-dev/app/public/wp-content/themes/msm/templates/sections/home_news.php on line 86
[17-May-2025 20:33:16 UTC] PHP Warning:  Undefined variable $thumbnail_url in /Users/milfuegos/Sites/msm-dev/app/public/wp-content/themes/msm/templates/sections/home_news.php on line 33
[17-May-2025 20:33:16 UTC] PHP Warning:  Undefined variable $thumbnail_url in /Users/milfuegos/Sites/msm-dev/app/public/wp-content/themes/msm/templates/sections/home_news.php on line 86
[17-May-2025 20:33:16 UTC] PHP Warning:  Undefined variable $thumbnail_url in /Users/milfuegos/Sites/msm-dev/app/public/wp-content/themes/msm/templates/sections/home_news.php on line 33
[17-May-2025 20:33:16 UTC] PHP Warning:  Undefined variable $thumbnail_url in /Users/milfuegos/Sites/msm-dev/app/public/wp-content/themes/msm/templates/sections/home_news.php on line 86
[17-May-2025 20:33:16 UTC] PHP Warning:  Undefined variable $thumbnail_url in /Users/milfuegos/Sites/msm-dev/app/public/wp-content/themes/msm/templates/sections/home_news.php on line 33
[17-May-2025 20:33:16 UTC] PHP Warning:  Undefined variable $thumbnail_url in /Users/milfuegos/Sites/msm-dev/app/public/wp-content/themes/msm/templates/sections/home_news.php on line 86
[17-May-2025 20:33:16 UTC] PHP Warning:  Undefined variable $thumbnail_url in /Users/milfuegos/Sites/msm-dev/app/public/wp-content/themes/msm/templates/sections/home_news.php on line 33
[17-May-2025 20:33:16 UTC] PHP Warning:  Undefined variable $thumbnail_url in /Users/milfuegos/Sites/msm-dev/app/public/wp-content/themes/msm/templates/sections/home_news.php on line 86
[17-May-2025 20:33:16 UTC] PHP Warning:  Undefined variable $thumbnail_url in /Users/milfuegos/Sites/msm-dev/app/public/wp-content/themes/msm/templates/sections/home_news.php on line 33
[17-May-2025 20:33:16 UTC] PHP Warning:  Undefined variable $thumbnail_url in /Users/milfuegos/Sites/msm-dev/app/public/wp-content/themes/msm/templates/sections/home_news.php on line 86
[17-May-2025 20:38:52 UTC] PHP Warning:  Undefined variable $thumbnail_url in /Users/milfuegos/Sites/msm-dev/app/public/wp-content/themes/msm/templates/sections/home_news.php on line 33
[17-May-2025 20:38:52 UTC] PHP Warning:  Undefined variable $thumbnail_url in /Users/milfuegos/Sites/msm-dev/app/public/wp-content/themes/msm/templates/sections/home_news.php on line 86
[17-May-2025 20:38:52 UTC] PHP Warning:  Undefined variable $thumbnail_url in /Users/milfuegos/Sites/msm-dev/app/public/wp-content/themes/msm/templates/sections/home_news.php on line 33
[17-May-2025 20:38:52 UTC] PHP Warning:  Undefined variable $thumbnail_url in /Users/milfuegos/Sites/msm-dev/app/public/wp-content/themes/msm/templates/sections/home_news.php on line 86
[17-May-2025 20:38:55 UTC] PHP Warning:  Undefined variable $thumbnail_url in /Users/milfuegos/Sites/msm-dev/app/public/wp-content/themes/msm/templates/sections/home_news.php on line 33
[17-May-2025 20:38:55 UTC] PHP Warning:  Undefined variable $thumbnail_url in /Users/milfuegos/Sites/msm-dev/app/public/wp-content/themes/msm/templates/sections/home_news.php on line 86
[17-May-2025 20:38:55 UTC] PHP Warning:  Undefined variable $thumbnail_url in /Users/milfuegos/Sites/msm-dev/app/public/wp-content/themes/msm/templates/sections/home_news.php on line 33
[17-May-2025 20:38:55 UTC] PHP Warning:  Undefined variable $thumbnail_url in /Users/milfuegos/Sites/msm-dev/app/public/wp-content/themes/msm/templates/sections/home_news.php on line 86
[17-May-2025 20:39:20 UTC] PHP Warning:  Undefined variable $thumbnail_url in /Users/milfuegos/Sites/msm-dev/app/public/wp-content/themes/msm/templates/sections/home_news.php on line 33
[17-May-2025 20:39:20 UTC] PHP Warning:  Undefined variable $thumbnail_url in /Users/milfuegos/Sites/msm-dev/app/public/wp-content/themes/msm/templates/sections/home_news.php on line 86
[17-May-2025 20:39:21 UTC] PHP Warning:  Undefined variable $thumbnail_url in /Users/milfuegos/Sites/msm-dev/app/public/wp-content/themes/msm/templates/sections/home_news.php on line 33
[17-May-2025 20:39:21 UTC] PHP Warning:  Undefined variable $thumbnail_url in /Users/milfuegos/Sites/msm-dev/app/public/wp-content/themes/msm/templates/sections/home_news.php on line 86
[17-May-2025 21:59:38 UTC] PHP Warning:  Undefined variable $thumbnail_url in /Users/milfuegos/Sites/msm-dev/app/public/wp-content/themes/msm/templates/sections/home_news.php on line 33
[17-May-2025 21:59:38 UTC] PHP Warning:  Undefined variable $thumbnail_url in /Users/milfuegos/Sites/msm-dev/app/public/wp-content/themes/msm/templates/sections/home_news.php on line 86
[17-May-2025 21:59:38 UTC] PHP Warning:  Undefined variable $thumbnail_url in /Users/milfuegos/Sites/msm-dev/app/public/wp-content/themes/msm/templates/sections/home_news.php on line 33
[17-May-2025 21:59:38 UTC] PHP Warning:  Undefined variable $thumbnail_url in /Users/milfuegos/Sites/msm-dev/app/public/wp-content/themes/msm/templates/sections/home_news.php on line 86
[17-May-2025 21:59:55 UTC] PHP Warning:  Undefined variable $thumbnail_url in /Users/milfuegos/Sites/msm-dev/app/public/wp-content/themes/msm/templates/sections/home_news.php on line 33
[17-May-2025 21:59:55 UTC] PHP Warning:  Undefined variable $thumbnail_url in /Users/milfuegos/Sites/msm-dev/app/public/wp-content/themes/msm/templates/sections/home_news.php on line 86
[17-May-2025 21:59:55 UTC] PHP Warning:  Undefined variable $thumbnail_url in /Users/milfuegos/Sites/msm-dev/app/public/wp-content/themes/msm/templates/sections/home_news.php on line 33
[17-May-2025 21:59:55 UTC] PHP Warning:  Undefined variable $thumbnail_url in /Users/milfuegos/Sites/msm-dev/app/public/wp-content/themes/msm/templates/sections/home_news.php on line 86
[17-May-2025 22:00:21 UTC] PHP Warning:  Undefined variable $thumbnail_url in /Users/milfuegos/Sites/msm-dev/app/public/wp-content/themes/msm/templates/sections/home_news.php on line 33
[17-May-2025 22:00:21 UTC] PHP Warning:  Undefined variable $thumbnail_url in /Users/milfuegos/Sites/msm-dev/app/public/wp-content/themes/msm/templates/sections/home_news.php on line 86
[17-May-2025 22:00:21 UTC] PHP Warning:  Undefined variable $thumbnail_url in /Users/milfuegos/Sites/msm-dev/app/public/wp-content/themes/msm/templates/sections/home_news.php on line 33
[17-May-2025 22:00:21 UTC] PHP Warning:  Undefined variable $thumbnail_url in /Users/milfuegos/Sites/msm-dev/app/public/wp-content/themes/msm/templates/sections/home_news.php on line 86
[17-May-2025 22:03:03 UTC] PHP Warning:  Undefined variable $thumbnail_url in /Users/milfuegos/Sites/msm-dev/app/public/wp-content/themes/msm/templates/sections/home_news.php on line 33
[17-May-2025 22:03:03 UTC] PHP Warning:  Undefined variable $thumbnail_url in /Users/milfuegos/Sites/msm-dev/app/public/wp-content/themes/msm/templates/sections/home_news.php on line 86
[17-May-2025 22:03:03 UTC] PHP Warning:  Undefined variable $thumbnail_url in /Users/milfuegos/Sites/msm-dev/app/public/wp-content/themes/msm/templates/sections/home_news.php on line 33
[17-May-2025 22:03:03 UTC] PHP Warning:  Undefined variable $thumbnail_url in /Users/milfuegos/Sites/msm-dev/app/public/wp-content/themes/msm/templates/sections/home_news.php on line 86
[17-May-2025 22:03:52 UTC] PHP Warning:  Undefined variable $thumbnail_url in /Users/milfuegos/Sites/msm-dev/app/public/wp-content/themes/msm/templates/sections/home_news.php on line 33
[17-May-2025 22:03:52 UTC] PHP Warning:  Undefined variable $thumbnail_url in /Users/milfuegos/Sites/msm-dev/app/public/wp-content/themes/msm/templates/sections/home_news.php on line 86
[17-May-2025 22:03:52 UTC] PHP Warning:  Undefined variable $thumbnail_url in /Users/milfuegos/Sites/msm-dev/app/public/wp-content/themes/msm/templates/sections/home_news.php on line 33
[17-May-2025 22:03:52 UTC] PHP Warning:  Undefined variable $thumbnail_url in /Users/milfuegos/Sites/msm-dev/app/public/wp-content/themes/msm/templates/sections/home_news.php on line 86
[17-May-2025 22:07:02 UTC] PHP Warning:  Undefined variable $thumbnail_url in /Users/milfuegos/Sites/msm-dev/app/public/wp-content/themes/msm/templates/sections/home_news.php on line 33
[17-May-2025 22:07:02 UTC] PHP Warning:  Undefined variable $thumbnail_url in /Users/milfuegos/Sites/msm-dev/app/public/wp-content/themes/msm/templates/sections/home_news.php on line 86
[17-May-2025 22:07:02 UTC] PHP Warning:  Undefined variable $thumbnail_url in /Users/milfuegos/Sites/msm-dev/app/public/wp-content/themes/msm/templates/sections/home_news.php on line 33
[17-May-2025 22:07:02 UTC] PHP Warning:  Undefined variable $thumbnail_url in /Users/milfuegos/Sites/msm-dev/app/public/wp-content/themes/msm/templates/sections/home_news.php on line 86
[17-May-2025 22:07:06 UTC] PHP Warning:  Undefined variable $thumbnail_url in /Users/milfuegos/Sites/msm-dev/app/public/wp-content/themes/msm/templates/sections/home_news.php on line 33
[17-May-2025 22:07:06 UTC] PHP Warning:  Undefined variable $thumbnail_url in /Users/milfuegos/Sites/msm-dev/app/public/wp-content/themes/msm/templates/sections/home_news.php on line 86
[17-May-2025 22:07:06 UTC] PHP Warning:  Undefined variable $thumbnail_url in /Users/milfuegos/Sites/msm-dev/app/public/wp-content/themes/msm/templates/sections/home_news.php on line 33
[17-May-2025 22:07:06 UTC] PHP Warning:  Undefined variable $thumbnail_url in /Users/milfuegos/Sites/msm-dev/app/public/wp-content/themes/msm/templates/sections/home_news.php on line 86
[17-May-2025 22:07:17 UTC] PHP Warning:  Undefined variable $thumbnail_url in /Users/milfuegos/Sites/msm-dev/app/public/wp-content/themes/msm/templates/sections/home_news.php on line 33
[17-May-2025 22:07:17 UTC] PHP Warning:  Undefined variable $thumbnail_url in /Users/milfuegos/Sites/msm-dev/app/public/wp-content/themes/msm/templates/sections/home_news.php on line 86
[17-May-2025 22:07:17 UTC] PHP Warning:  Undefined variable $thumbnail_url in /Users/milfuegos/Sites/msm-dev/app/public/wp-content/themes/msm/templates/sections/home_news.php on line 33
[17-May-2025 22:07:17 UTC] PHP Warning:  Undefined variable $thumbnail_url in /Users/milfuegos/Sites/msm-dev/app/public/wp-content/themes/msm/templates/sections/home_news.php on line 86
[17-May-2025 22:07:37 UTC] PHP Warning:  Undefined variable $thumbnail_url in /Users/milfuegos/Sites/msm-dev/app/public/wp-content/themes/msm/templates/sections/home_news.php on line 33
[17-May-2025 22:07:37 UTC] PHP Warning:  Undefined variable $thumbnail_url in /Users/milfuegos/Sites/msm-dev/app/public/wp-content/themes/msm/templates/sections/home_news.php on line 86
[17-May-2025 22:07:37 UTC] PHP Warning:  Undefined variable $thumbnail_url in /Users/milfuegos/Sites/msm-dev/app/public/wp-content/themes/msm/templates/sections/home_news.php on line 33
[17-May-2025 22:07:37 UTC] PHP Warning:  Undefined variable $thumbnail_url in /Users/milfuegos/Sites/msm-dev/app/public/wp-content/themes/msm/templates/sections/home_news.php on line 86
[17-May-2025 22:07:42 UTC] PHP Warning:  Undefined variable $thumbnail_url in /Users/milfuegos/Sites/msm-dev/app/public/wp-content/themes/msm/templates/sections/home_news.php on line 33
[17-May-2025 22:07:42 UTC] PHP Warning:  Undefined variable $thumbnail_url in /Users/milfuegos/Sites/msm-dev/app/public/wp-content/themes/msm/templates/sections/home_news.php on line 86
[17-May-2025 22:07:42 UTC] PHP Warning:  Undefined variable $thumbnail_url in /Users/milfuegos/Sites/msm-dev/app/public/wp-content/themes/msm/templates/sections/home_news.php on line 33
[17-May-2025 22:07:42 UTC] PHP Warning:  Undefined variable $thumbnail_url in /Users/milfuegos/Sites/msm-dev/app/public/wp-content/themes/msm/templates/sections/home_news.php on line 86
[17-May-2025 22:07:57 UTC] PHP Warning:  Undefined variable $thumbnail_url in /Users/milfuegos/Sites/msm-dev/app/public/wp-content/themes/msm/templates/sections/home_news.php on line 33
[17-May-2025 22:07:57 UTC] PHP Warning:  Undefined variable $thumbnail_url in /Users/milfuegos/Sites/msm-dev/app/public/wp-content/themes/msm/templates/sections/home_news.php on line 86
[17-May-2025 22:07:57 UTC] PHP Warning:  Undefined variable $thumbnail_url in /Users/milfuegos/Sites/msm-dev/app/public/wp-content/themes/msm/templates/sections/home_news.php on line 33
[17-May-2025 22:07:57 UTC] PHP Warning:  Undefined variable $thumbnail_url in /Users/milfuegos/Sites/msm-dev/app/public/wp-content/themes/msm/templates/sections/home_news.php on line 86
[17-May-2025 22:08:14 UTC] PHP Warning:  Undefined variable $thumbnail_url in /Users/milfuegos/Sites/msm-dev/app/public/wp-content/themes/msm/templates/sections/home_news.php on line 33
[17-May-2025 22:08:14 UTC] PHP Warning:  Undefined variable $thumbnail_url in /Users/milfuegos/Sites/msm-dev/app/public/wp-content/themes/msm/templates/sections/home_news.php on line 33
[17-May-2025 22:08:14 UTC] PHP Warning:  Undefined variable $thumbnail_url in /Users/milfuegos/Sites/msm-dev/app/public/wp-content/themes/msm/templates/sections/home_news.php on line 86
[17-May-2025 22:08:14 UTC] PHP Warning:  Undefined variable $thumbnail_url in /Users/milfuegos/Sites/msm-dev/app/public/wp-content/themes/msm/templates/sections/home_news.php on line 86
[17-May-2025 22:08:42 UTC] PHP Warning:  Undefined variable $thumbnail_url in /Users/milfuegos/Sites/msm-dev/app/public/wp-content/themes/msm/templates/sections/home_news.php on line 33
[17-May-2025 22:08:42 UTC] PHP Warning:  Undefined variable $thumbnail_url in /Users/milfuegos/Sites/msm-dev/app/public/wp-content/themes/msm/templates/sections/home_news.php on line 86
[17-May-2025 22:08:42 UTC] PHP Warning:  Undefined variable $thumbnail_url in /Users/milfuegos/Sites/msm-dev/app/public/wp-content/themes/msm/templates/sections/home_news.php on line 33
[17-May-2025 22:08:42 UTC] PHP Warning:  Undefined variable $thumbnail_url in /Users/milfuegos/Sites/msm-dev/app/public/wp-content/themes/msm/templates/sections/home_news.php on line 86
[17-May-2025 22:08:47 UTC] PHP Warning:  Undefined variable $thumbnail_url in /Users/milfuegos/Sites/msm-dev/app/public/wp-content/themes/msm/templates/sections/home_news.php on line 33
[17-May-2025 22:08:47 UTC] PHP Warning:  Undefined variable $thumbnail_url in /Users/milfuegos/Sites/msm-dev/app/public/wp-content/themes/msm/templates/sections/home_news.php on line 33
[17-May-2025 22:08:47 UTC] PHP Warning:  Undefined variable $thumbnail_url in /Users/milfuegos/Sites/msm-dev/app/public/wp-content/themes/msm/templates/sections/home_news.php on line 86
[17-May-2025 22:08:47 UTC] PHP Warning:  Undefined variable $thumbnail_url in /Users/milfuegos/Sites/msm-dev/app/public/wp-content/themes/msm/templates/sections/home_news.php on line 86
[17-May-2025 22:08:59 UTC] PHP Warning:  Undefined variable $thumbnail_url in /Users/milfuegos/Sites/msm-dev/app/public/wp-content/themes/msm/templates/sections/home_news.php on line 33
[17-May-2025 22:08:59 UTC] PHP Warning:  Undefined variable $thumbnail_url in /Users/milfuegos/Sites/msm-dev/app/public/wp-content/themes/msm/templates/sections/home_news.php on line 86
[17-May-2025 22:08:59 UTC] PHP Warning:  Undefined variable $thumbnail_url in /Users/milfuegos/Sites/msm-dev/app/public/wp-content/themes/msm/templates/sections/home_news.php on line 33
[17-May-2025 22:08:59 UTC] PHP Warning:  Undefined variable $thumbnail_url in /Users/milfuegos/Sites/msm-dev/app/public/wp-content/themes/msm/templates/sections/home_news.php on line 86
[17-May-2025 22:09:11 UTC] PHP Warning:  Undefined variable $thumbnail_url in /Users/milfuegos/Sites/msm-dev/app/public/wp-content/themes/msm/templates/sections/home_news.php on line 33
[17-May-2025 22:09:11 UTC] PHP Warning:  Undefined variable $thumbnail_url in /Users/milfuegos/Sites/msm-dev/app/public/wp-content/themes/msm/templates/sections/home_news.php on line 86
[17-May-2025 22:09:11 UTC] PHP Warning:  Undefined variable $thumbnail_url in /Users/milfuegos/Sites/msm-dev/app/public/wp-content/themes/msm/templates/sections/home_news.php on line 33
[17-May-2025 22:09:11 UTC] PHP Warning:  Undefined variable $thumbnail_url in /Users/milfuegos/Sites/msm-dev/app/public/wp-content/themes/msm/templates/sections/home_news.php on line 86
[17-May-2025 22:09:34 UTC] PHP Warning:  Undefined variable $thumbnail_url in /Users/milfuegos/Sites/msm-dev/app/public/wp-content/themes/msm/templates/sections/home_news.php on line 33
[17-May-2025 22:09:34 UTC] PHP Warning:  Undefined variable $thumbnail_url in /Users/milfuegos/Sites/msm-dev/app/public/wp-content/themes/msm/templates/sections/home_news.php on line 86
[17-May-2025 22:09:34 UTC] PHP Warning:  Undefined variable $thumbnail_url in /Users/milfuegos/Sites/msm-dev/app/public/wp-content/themes/msm/templates/sections/home_news.php on line 33
[17-May-2025 22:09:34 UTC] PHP Warning:  Undefined variable $thumbnail_url in /Users/milfuegos/Sites/msm-dev/app/public/wp-content/themes/msm/templates/sections/home_news.php on line 86
[17-May-2025 22:09:41 UTC] PHP Warning:  Undefined variable $thumbnail_url in /Users/milfuegos/Sites/msm-dev/app/public/wp-content/themes/msm/templates/sections/home_news.php on line 33
[17-May-2025 22:09:41 UTC] PHP Warning:  Undefined variable $thumbnail_url in /Users/milfuegos/Sites/msm-dev/app/public/wp-content/themes/msm/templates/sections/home_news.php on line 33
[17-May-2025 22:09:41 UTC] PHP Warning:  Undefined variable $thumbnail_url in /Users/milfuegos/Sites/msm-dev/app/public/wp-content/themes/msm/templates/sections/home_news.php on line 86
[17-May-2025 22:09:41 UTC] PHP Warning:  Undefined variable $thumbnail_url in /Users/milfuegos/Sites/msm-dev/app/public/wp-content/themes/msm/templates/sections/home_news.php on line 86
[17-May-2025 22:09:56 UTC] PHP Warning:  Undefined variable $thumbnail_url in /Users/milfuegos/Sites/msm-dev/app/public/wp-content/themes/msm/templates/sections/home_news.php on line 33
[17-May-2025 22:09:56 UTC] PHP Warning:  Undefined variable $thumbnail_url in /Users/milfuegos/Sites/msm-dev/app/public/wp-content/themes/msm/templates/sections/home_news.php on line 86
[17-May-2025 22:09:56 UTC] PHP Warning:  Undefined variable $thumbnail_url in /Users/milfuegos/Sites/msm-dev/app/public/wp-content/themes/msm/templates/sections/home_news.php on line 33
[17-May-2025 22:09:56 UTC] PHP Warning:  Undefined variable $thumbnail_url in /Users/milfuegos/Sites/msm-dev/app/public/wp-content/themes/msm/templates/sections/home_news.php on line 86
[17-May-2025 22:09:59 UTC] PHP Warning:  Undefined variable $thumbnail_url in /Users/milfuegos/Sites/msm-dev/app/public/wp-content/themes/msm/templates/sections/home_news.php on line 33
[17-May-2025 22:09:59 UTC] PHP Warning:  Undefined variable $thumbnail_url in /Users/milfuegos/Sites/msm-dev/app/public/wp-content/themes/msm/templates/sections/home_news.php on line 86
[17-May-2025 22:09:59 UTC] PHP Warning:  Undefined variable $thumbnail_url in /Users/milfuegos/Sites/msm-dev/app/public/wp-content/themes/msm/templates/sections/home_news.php on line 33
[17-May-2025 22:09:59 UTC] PHP Warning:  Undefined variable $thumbnail_url in /Users/milfuegos/Sites/msm-dev/app/public/wp-content/themes/msm/templates/sections/home_news.php on line 86
[17-May-2025 22:11:36 UTC] PHP Warning:  Undefined variable $thumbnail_url in /Users/milfuegos/Sites/msm-dev/app/public/wp-content/themes/msm/templates/sections/home_news.php on line 33
[17-May-2025 22:11:36 UTC] PHP Warning:  Undefined variable $thumbnail_url in /Users/milfuegos/Sites/msm-dev/app/public/wp-content/themes/msm/templates/sections/home_news.php on line 86
[17-May-2025 22:11:36 UTC] PHP Warning:  Undefined variable $thumbnail_url in /Users/milfuegos/Sites/msm-dev/app/public/wp-content/themes/msm/templates/sections/home_news.php on line 33
[17-May-2025 22:11:36 UTC] PHP Warning:  Undefined variable $thumbnail_url in /Users/milfuegos/Sites/msm-dev/app/public/wp-content/themes/msm/templates/sections/home_news.php on line 86
[17-May-2025 22:11:37 UTC] Page slug: 
[17-May-2025 22:11:37 UTC] Final slug: web.com/.php
[17-May-2025 22:11:37 UTC] Page slug not in template map: 
[17-May-2025 22:11:38 UTC] PHP Warning:  Undefined variable $thumbnail_url in /Users/milfuegos/Sites/msm-dev/app/public/wp-content/themes/msm/templates/sections/home_news.php on line 33
[17-May-2025 22:11:38 UTC] PHP Warning:  Undefined variable $thumbnail_url in /Users/milfuegos/Sites/msm-dev/app/public/wp-content/themes/msm/templates/sections/home_news.php on line 86
[17-May-2025 22:11:38 UTC] PHP Warning:  Undefined variable $thumbnail_url in /Users/milfuegos/Sites/msm-dev/app/public/wp-content/themes/msm/templates/sections/home_news.php on line 33
[17-May-2025 22:11:38 UTC] PHP Warning:  Undefined variable $thumbnail_url in /Users/milfuegos/Sites/msm-dev/app/public/wp-content/themes/msm/templates/sections/home_news.php on line 86
[17-May-2025 22:11:38 UTC] PHP Warning:  Undefined variable $thumbnail_url in /Users/milfuegos/Sites/msm-dev/app/public/wp-content/themes/msm/templates/sections/home_news.php on line 33
[17-May-2025 22:11:38 UTC] PHP Warning:  Undefined variable $thumbnail_url in /Users/milfuegos/Sites/msm-dev/app/public/wp-content/themes/msm/templates/sections/home_news.php on line 33
[17-May-2025 22:11:38 UTC] PHP Warning:  Undefined variable $thumbnail_url in /Users/milfuegos/Sites/msm-dev/app/public/wp-content/themes/msm/templates/sections/home_news.php on line 86
[17-May-2025 22:11:38 UTC] PHP Warning:  Undefined variable $thumbnail_url in /Users/milfuegos/Sites/msm-dev/app/public/wp-content/themes/msm/templates/sections/home_news.php on line 86
[17-May-2025 22:11:38 UTC] PHP Warning:  Undefined variable $thumbnail_url in /Users/milfuegos/Sites/msm-dev/app/public/wp-content/themes/msm/templates/sections/home_news.php on line 33
[17-May-2025 22:11:38 UTC] PHP Warning:  Undefined variable $thumbnail_url in /Users/milfuegos/Sites/msm-dev/app/public/wp-content/themes/msm/templates/sections/home_news.php on line 86
[17-May-2025 22:11:38 UTC] PHP Warning:  Undefined variable $thumbnail_url in /Users/milfuegos/Sites/msm-dev/app/public/wp-content/themes/msm/templates/sections/home_news.php on line 33
[17-May-2025 22:11:38 UTC] PHP Warning:  Undefined variable $thumbnail_url in /Users/milfuegos/Sites/msm-dev/app/public/wp-content/themes/msm/templates/sections/home_news.php on line 86
[17-May-2025 22:11:38 UTC] PHP Warning:  Undefined variable $thumbnail_url in /Users/milfuegos/Sites/msm-dev/app/public/wp-content/themes/msm/templates/sections/home_news.php on line 33
[17-May-2025 22:11:38 UTC] PHP Warning:  Undefined variable $thumbnail_url in /Users/milfuegos/Sites/msm-dev/app/public/wp-content/themes/msm/templates/sections/home_news.php on line 86
[17-May-2025 22:11:38 UTC] PHP Warning:  Undefined variable $thumbnail_url in /Users/milfuegos/Sites/msm-dev/app/public/wp-content/themes/msm/templates/sections/home_news.php on line 33
[17-May-2025 22:11:38 UTC] PHP Warning:  Undefined variable $thumbnail_url in /Users/milfuegos/Sites/msm-dev/app/public/wp-content/themes/msm/templates/sections/home_news.php on line 86
[17-May-2025 22:11:38 UTC] PHP Warning:  Undefined variable $thumbnail_url in /Users/milfuegos/Sites/msm-dev/app/public/wp-content/themes/msm/templates/sections/home_news.php on line 33
[17-May-2025 22:11:38 UTC] PHP Warning:  Undefined variable $thumbnail_url in /Users/milfuegos/Sites/msm-dev/app/public/wp-content/themes/msm/templates/sections/home_news.php on line 86
[17-May-2025 22:11:39 UTC] PHP Warning:  Undefined variable $thumbnail_url in /Users/milfuegos/Sites/msm-dev/app/public/wp-content/themes/msm/templates/sections/home_news.php on line 33
[17-May-2025 22:11:39 UTC] PHP Warning:  Undefined variable $thumbnail_url in /Users/milfuegos/Sites/msm-dev/app/public/wp-content/themes/msm/templates/sections/home_news.php on line 86
[17-May-2025 22:11:39 UTC] PHP Warning:  Undefined variable $thumbnail_url in /Users/milfuegos/Sites/msm-dev/app/public/wp-content/themes/msm/templates/sections/home_news.php on line 33
[17-May-2025 22:11:39 UTC] PHP Warning:  Undefined variable $thumbnail_url in /Users/milfuegos/Sites/msm-dev/app/public/wp-content/themes/msm/templates/sections/home_news.php on line 86
[17-May-2025 22:11:39 UTC] PHP Warning:  Undefined variable $thumbnail_url in /Users/milfuegos/Sites/msm-dev/app/public/wp-content/themes/msm/templates/sections/home_news.php on line 33
[17-May-2025 22:11:39 UTC] PHP Warning:  Undefined variable $thumbnail_url in /Users/milfuegos/Sites/msm-dev/app/public/wp-content/themes/msm/templates/sections/home_news.php on line 86
[17-May-2025 22:11:39 UTC] Page slug: 
[17-May-2025 22:11:39 UTC] Final slug: web.com/.php
[17-May-2025 22:11:39 UTC] Page slug not in template map: 
[17-May-2025 22:11:39 UTC] PHP Warning:  Undefined variable $thumbnail_url in /Users/milfuegos/Sites/msm-dev/app/public/wp-content/themes/msm/templates/sections/home_news.php on line 33
[17-May-2025 22:11:39 UTC] PHP Warning:  Undefined variable $thumbnail_url in /Users/milfuegos/Sites/msm-dev/app/public/wp-content/themes/msm/templates/sections/home_news.php on line 33
[17-May-2025 22:11:39 UTC] PHP Warning:  Undefined variable $thumbnail_url in /Users/milfuegos/Sites/msm-dev/app/public/wp-content/themes/msm/templates/sections/home_news.php on line 86
[17-May-2025 22:11:39 UTC] PHP Warning:  Undefined variable $thumbnail_url in /Users/milfuegos/Sites/msm-dev/app/public/wp-content/themes/msm/templates/sections/home_news.php on line 86
[17-May-2025 22:11:39 UTC] PHP Warning:  Undefined variable $thumbnail_url in /Users/milfuegos/Sites/msm-dev/app/public/wp-content/themes/msm/templates/sections/home_news.php on line 33
[17-May-2025 22:11:39 UTC] PHP Warning:  Undefined variable $thumbnail_url in /Users/milfuegos/Sites/msm-dev/app/public/wp-content/themes/msm/templates/sections/home_news.php on line 33
[17-May-2025 22:11:39 UTC] PHP Warning:  Undefined variable $thumbnail_url in /Users/milfuegos/Sites/msm-dev/app/public/wp-content/themes/msm/templates/sections/home_news.php on line 86
[17-May-2025 22:11:39 UTC] PHP Warning:  Undefined variable $thumbnail_url in /Users/milfuegos/Sites/msm-dev/app/public/wp-content/themes/msm/templates/sections/home_news.php on line 86
[17-May-2025 22:11:39 UTC] PHP Warning:  Undefined variable $thumbnail_url in /Users/milfuegos/Sites/msm-dev/app/public/wp-content/themes/msm/templates/sections/home_news.php on line 33
[17-May-2025 22:11:39 UTC] PHP Warning:  Undefined variable $thumbnail_url in /Users/milfuegos/Sites/msm-dev/app/public/wp-content/themes/msm/templates/sections/home_news.php on line 33
[17-May-2025 22:11:39 UTC] PHP Warning:  Undefined variable $thumbnail_url in /Users/milfuegos/Sites/msm-dev/app/public/wp-content/themes/msm/templates/sections/home_news.php on line 86
[17-May-2025 22:11:39 UTC] PHP Warning:  Undefined variable $thumbnail_url in /Users/milfuegos/Sites/msm-dev/app/public/wp-content/themes/msm/templates/sections/home_news.php on line 86
[17-May-2025 22:11:39 UTC] PHP Warning:  Undefined variable $thumbnail_url in /Users/milfuegos/Sites/msm-dev/app/public/wp-content/themes/msm/templates/sections/home_news.php on line 33
[17-May-2025 22:11:39 UTC] PHP Warning:  Undefined variable $thumbnail_url in /Users/milfuegos/Sites/msm-dev/app/public/wp-content/themes/msm/templates/sections/home_news.php on line 33
[17-May-2025 22:11:39 UTC] PHP Warning:  Undefined variable $thumbnail_url in /Users/milfuegos/Sites/msm-dev/app/public/wp-content/themes/msm/templates/sections/home_news.php on line 86
[17-May-2025 22:11:39 UTC] PHP Warning:  Undefined variable $thumbnail_url in /Users/milfuegos/Sites/msm-dev/app/public/wp-content/themes/msm/templates/sections/home_news.php on line 86
[17-May-2025 22:11:40 UTC] PHP Warning:  Undefined variable $thumbnail_url in /Users/milfuegos/Sites/msm-dev/app/public/wp-content/themes/msm/templates/sections/home_news.php on line 33
[17-May-2025 22:11:40 UTC] PHP Warning:  Undefined variable $thumbnail_url in /Users/milfuegos/Sites/msm-dev/app/public/wp-content/themes/msm/templates/sections/home_news.php on line 33
[17-May-2025 22:11:40 UTC] PHP Warning:  Undefined variable $thumbnail_url in /Users/milfuegos/Sites/msm-dev/app/public/wp-content/themes/msm/templates/sections/home_news.php on line 86
[17-May-2025 22:11:40 UTC] PHP Warning:  Undefined variable $thumbnail_url in /Users/milfuegos/Sites/msm-dev/app/public/wp-content/themes/msm/templates/sections/home_news.php on line 86
[17-May-2025 22:11:40 UTC] PHP Warning:  Undefined variable $thumbnail_url in /Users/milfuegos/Sites/msm-dev/app/public/wp-content/themes/msm/templates/sections/home_news.php on line 33
[17-May-2025 22:11:40 UTC] PHP Warning:  Undefined variable $thumbnail_url in /Users/milfuegos/Sites/msm-dev/app/public/wp-content/themes/msm/templates/sections/home_news.php on line 33
[17-May-2025 22:11:40 UTC] PHP Warning:  Undefined variable $thumbnail_url in /Users/milfuegos/Sites/msm-dev/app/public/wp-content/themes/msm/templates/sections/home_news.php on line 86
[17-May-2025 22:11:40 UTC] PHP Warning:  Undefined variable $thumbnail_url in /Users/milfuegos/Sites/msm-dev/app/public/wp-content/themes/msm/templates/sections/home_news.php on line 86
[17-May-2025 22:11:41 UTC] Page slug: 
[17-May-2025 22:11:41 UTC] Final slug: web.com/.php
[17-May-2025 22:11:41 UTC] Page slug not in template map: 
[17-May-2025 22:11:41 UTC] PHP Warning:  Undefined variable $thumbnail_url in /Users/milfuegos/Sites/msm-dev/app/public/wp-content/themes/msm/templates/sections/home_news.php on line 33
[17-May-2025 22:11:41 UTC] PHP Warning:  Undefined variable $thumbnail_url in /Users/milfuegos/Sites/msm-dev/app/public/wp-content/themes/msm/templates/sections/home_news.php on line 33
[17-May-2025 22:11:41 UTC] PHP Warning:  Undefined variable $thumbnail_url in /Users/milfuegos/Sites/msm-dev/app/public/wp-content/themes/msm/templates/sections/home_news.php on line 86
[17-May-2025 22:11:41 UTC] PHP Warning:  Undefined variable $thumbnail_url in /Users/milfuegos/Sites/msm-dev/app/public/wp-content/themes/msm/templates/sections/home_news.php on line 86
[17-May-2025 22:11:41 UTC] PHP Warning:  Undefined variable $thumbnail_url in /Users/milfuegos/Sites/msm-dev/app/public/wp-content/themes/msm/templates/sections/home_news.php on line 33
[17-May-2025 22:11:41 UTC] PHP Warning:  Undefined variable $thumbnail_url in /Users/milfuegos/Sites/msm-dev/app/public/wp-content/themes/msm/templates/sections/home_news.php on line 33
[17-May-2025 22:11:41 UTC] PHP Warning:  Undefined variable $thumbnail_url in /Users/milfuegos/Sites/msm-dev/app/public/wp-content/themes/msm/templates/sections/home_news.php on line 86
[17-May-2025 22:11:41 UTC] PHP Warning:  Undefined variable $thumbnail_url in /Users/milfuegos/Sites/msm-dev/app/public/wp-content/themes/msm/templates/sections/home_news.php on line 86
[17-May-2025 22:11:41 UTC] PHP Warning:  Undefined variable $thumbnail_url in /Users/milfuegos/Sites/msm-dev/app/public/wp-content/themes/msm/templates/sections/home_news.php on line 33
[17-May-2025 22:11:41 UTC] PHP Warning:  Undefined variable $thumbnail_url in /Users/milfuegos/Sites/msm-dev/app/public/wp-content/themes/msm/templates/sections/home_news.php on line 33
[17-May-2025 22:11:41 UTC] PHP Warning:  Undefined variable $thumbnail_url in /Users/milfuegos/Sites/msm-dev/app/public/wp-content/themes/msm/templates/sections/home_news.php on line 86
[17-May-2025 22:11:41 UTC] PHP Warning:  Undefined variable $thumbnail_url in /Users/milfuegos/Sites/msm-dev/app/public/wp-content/themes/msm/templates/sections/home_news.php on line 86
[17-May-2025 22:11:41 UTC] PHP Warning:  Undefined variable $thumbnail_url in /Users/milfuegos/Sites/msm-dev/app/public/wp-content/themes/msm/templates/sections/home_news.php on line 33
[17-May-2025 22:11:41 UTC] PHP Warning:  Undefined variable $thumbnail_url in /Users/milfuegos/Sites/msm-dev/app/public/wp-content/themes/msm/templates/sections/home_news.php on line 86
[17-May-2025 22:11:41 UTC] PHP Warning:  Undefined variable $thumbnail_url in /Users/milfuegos/Sites/msm-dev/app/public/wp-content/themes/msm/templates/sections/home_news.php on line 33
[17-May-2025 22:11:41 UTC] PHP Warning:  Undefined variable $thumbnail_url in /Users/milfuegos/Sites/msm-dev/app/public/wp-content/themes/msm/templates/sections/home_news.php on line 86
[17-May-2025 22:11:41 UTC] PHP Warning:  Undefined variable $thumbnail_url in /Users/milfuegos/Sites/msm-dev/app/public/wp-content/themes/msm/templates/sections/home_news.php on line 33
[17-May-2025 22:11:41 UTC] PHP Warning:  Undefined variable $thumbnail_url in /Users/milfuegos/Sites/msm-dev/app/public/wp-content/themes/msm/templates/sections/home_news.php on line 86
[17-May-2025 22:11:41 UTC] PHP Warning:  Undefined variable $thumbnail_url in /Users/milfuegos/Sites/msm-dev/app/public/wp-content/themes/msm/templates/sections/home_news.php on line 33
[17-May-2025 22:11:41 UTC] PHP Warning:  Undefined variable $thumbnail_url in /Users/milfuegos/Sites/msm-dev/app/public/wp-content/themes/msm/templates/sections/home_news.php on line 86
[17-May-2025 22:11:41 UTC] PHP Warning:  Undefined variable $thumbnail_url in /Users/milfuegos/Sites/msm-dev/app/public/wp-content/themes/msm/templates/sections/home_news.php on line 33
[17-May-2025 22:11:41 UTC] PHP Warning:  Undefined variable $thumbnail_url in /Users/milfuegos/Sites/msm-dev/app/public/wp-content/themes/msm/templates/sections/home_news.php on line 33
[17-May-2025 22:11:41 UTC] PHP Warning:  Undefined variable $thumbnail_url in /Users/milfuegos/Sites/msm-dev/app/public/wp-content/themes/msm/templates/sections/home_news.php on line 86
[17-May-2025 22:11:41 UTC] PHP Warning:  Undefined variable $thumbnail_url in /Users/milfuegos/Sites/msm-dev/app/public/wp-content/themes/msm/templates/sections/home_news.php on line 86
[17-May-2025 22:11:46 UTC] PHP Warning:  Undefined variable $thumbnail_url in /Users/milfuegos/Sites/msm-dev/app/public/wp-content/themes/msm/templates/sections/home_news.php on line 33
[17-May-2025 22:11:46 UTC] PHP Warning:  Undefined variable $thumbnail_url in /Users/milfuegos/Sites/msm-dev/app/public/wp-content/themes/msm/templates/sections/home_news.php on line 86
[17-May-2025 22:11:47 UTC] PHP Warning:  Undefined variable $thumbnail_url in /Users/milfuegos/Sites/msm-dev/app/public/wp-content/themes/msm/templates/sections/home_news.php on line 33
[17-May-2025 22:11:47 UTC] PHP Warning:  Undefined variable $thumbnail_url in /Users/milfuegos/Sites/msm-dev/app/public/wp-content/themes/msm/templates/sections/home_news.php on line 86
[17-May-2025 22:11:47 UTC] PHP Warning:  Undefined variable $thumbnail_url in /Users/milfuegos/Sites/msm-dev/app/public/wp-content/themes/msm/templates/sections/home_news.php on line 33
[17-May-2025 22:11:47 UTC] PHP Warning:  Undefined variable $thumbnail_url in /Users/milfuegos/Sites/msm-dev/app/public/wp-content/themes/msm/templates/sections/home_news.php on line 86
[17-May-2025 22:11:47 UTC] PHP Warning:  Undefined variable $thumbnail_url in /Users/milfuegos/Sites/msm-dev/app/public/wp-content/themes/msm/templates/sections/home_news.php on line 33
[17-May-2025 22:11:47 UTC] PHP Warning:  Undefined variable $thumbnail_url in /Users/milfuegos/Sites/msm-dev/app/public/wp-content/themes/msm/templates/sections/home_news.php on line 86
[17-May-2025 22:11:47 UTC] PHP Warning:  Undefined variable $thumbnail_url in /Users/milfuegos/Sites/msm-dev/app/public/wp-content/themes/msm/templates/sections/home_news.php on line 33
[17-May-2025 22:11:47 UTC] PHP Warning:  Undefined variable $thumbnail_url in /Users/milfuegos/Sites/msm-dev/app/public/wp-content/themes/msm/templates/sections/home_news.php on line 86
[17-May-2025 22:11:47 UTC] PHP Warning:  Undefined variable $thumbnail_url in /Users/milfuegos/Sites/msm-dev/app/public/wp-content/themes/msm/templates/sections/home_news.php on line 33
[17-May-2025 22:11:47 UTC] PHP Warning:  Undefined variable $thumbnail_url in /Users/milfuegos/Sites/msm-dev/app/public/wp-content/themes/msm/templates/sections/home_news.php on line 86
[17-May-2025 22:11:48 UTC] PHP Warning:  Undefined variable $thumbnail_url in /Users/milfuegos/Sites/msm-dev/app/public/wp-content/themes/msm/templates/sections/home_news.php on line 33
[17-May-2025 22:11:48 UTC] PHP Warning:  Undefined variable $thumbnail_url in /Users/milfuegos/Sites/msm-dev/app/public/wp-content/themes/msm/templates/sections/home_news.php on line 86
[17-May-2025 22:11:48 UTC] PHP Warning:  Undefined variable $thumbnail_url in /Users/milfuegos/Sites/msm-dev/app/public/wp-content/themes/msm/templates/sections/home_news.php on line 33
[17-May-2025 22:11:48 UTC] PHP Warning:  Undefined variable $thumbnail_url in /Users/milfuegos/Sites/msm-dev/app/public/wp-content/themes/msm/templates/sections/home_news.php on line 86
[17-May-2025 22:11:48 UTC] PHP Warning:  Undefined variable $thumbnail_url in /Users/milfuegos/Sites/msm-dev/app/public/wp-content/themes/msm/templates/sections/home_news.php on line 33
[17-May-2025 22:11:48 UTC] PHP Warning:  Undefined variable $thumbnail_url in /Users/milfuegos/Sites/msm-dev/app/public/wp-content/themes/msm/templates/sections/home_news.php on line 86
[17-May-2025 22:11:48 UTC] PHP Warning:  Undefined variable $thumbnail_url in /Users/milfuegos/Sites/msm-dev/app/public/wp-content/themes/msm/templates/sections/home_news.php on line 33
[17-May-2025 22:11:48 UTC] PHP Warning:  Undefined variable $thumbnail_url in /Users/milfuegos/Sites/msm-dev/app/public/wp-content/themes/msm/templates/sections/home_news.php on line 86
[17-May-2025 22:11:48 UTC] PHP Warning:  Undefined variable $thumbnail_url in /Users/milfuegos/Sites/msm-dev/app/public/wp-content/themes/msm/templates/sections/home_news.php on line 33
[17-May-2025 22:11:48 UTC] PHP Warning:  Undefined variable $thumbnail_url in /Users/milfuegos/Sites/msm-dev/app/public/wp-content/themes/msm/templates/sections/home_news.php on line 86
[17-May-2025 22:11:48 UTC] PHP Warning:  Undefined variable $thumbnail_url in /Users/milfuegos/Sites/msm-dev/app/public/wp-content/themes/msm/templates/sections/home_news.php on line 33
[17-May-2025 22:11:48 UTC] PHP Warning:  Undefined variable $thumbnail_url in /Users/milfuegos/Sites/msm-dev/app/public/wp-content/themes/msm/templates/sections/home_news.php on line 86
[17-May-2025 22:11:48 UTC] PHP Warning:  Undefined variable $thumbnail_url in /Users/milfuegos/Sites/msm-dev/app/public/wp-content/themes/msm/templates/sections/home_news.php on line 33
[17-May-2025 22:11:48 UTC] PHP Warning:  Undefined variable $thumbnail_url in /Users/milfuegos/Sites/msm-dev/app/public/wp-content/themes/msm/templates/sections/home_news.php on line 86
[17-May-2025 22:11:49 UTC] PHP Warning:  Undefined variable $thumbnail_url in /Users/milfuegos/Sites/msm-dev/app/public/wp-content/themes/msm/templates/sections/home_news.php on line 33
[17-May-2025 22:11:49 UTC] PHP Warning:  Undefined variable $thumbnail_url in /Users/milfuegos/Sites/msm-dev/app/public/wp-content/themes/msm/templates/sections/home_news.php on line 86
[17-May-2025 22:12:14 UTC] PHP Warning:  Undefined variable $thumbnail_url in /Users/milfuegos/Sites/msm-dev/app/public/wp-content/themes/msm/templates/sections/home_news.php on line 33
[17-May-2025 22:12:14 UTC] PHP Warning:  Undefined variable $thumbnail_url in /Users/milfuegos/Sites/msm-dev/app/public/wp-content/themes/msm/templates/sections/home_news.php on line 86
[17-May-2025 22:12:14 UTC] PHP Warning:  Undefined variable $thumbnail_url in /Users/milfuegos/Sites/msm-dev/app/public/wp-content/themes/msm/templates/sections/home_news.php on line 33
[17-May-2025 22:12:14 UTC] PHP Warning:  Undefined variable $thumbnail_url in /Users/milfuegos/Sites/msm-dev/app/public/wp-content/themes/msm/templates/sections/home_news.php on line 86
[17-May-2025 22:13:08 UTC] PHP Warning:  Undefined variable $thumbnail_url in /Users/milfuegos/Sites/msm-dev/app/public/wp-content/themes/msm/templates/sections/home_news.php on line 33
[17-May-2025 22:13:08 UTC] PHP Warning:  Undefined variable $thumbnail_url in /Users/milfuegos/Sites/msm-dev/app/public/wp-content/themes/msm/templates/sections/home_news.php on line 86
[17-May-2025 22:13:08 UTC] PHP Warning:  Undefined variable $thumbnail_url in /Users/milfuegos/Sites/msm-dev/app/public/wp-content/themes/msm/templates/sections/home_news.php on line 33
[17-May-2025 22:13:08 UTC] PHP Warning:  Undefined variable $thumbnail_url in /Users/milfuegos/Sites/msm-dev/app/public/wp-content/themes/msm/templates/sections/home_news.php on line 86
[17-May-2025 22:13:10 UTC] PHP Warning:  Undefined variable $thumbnail_url in /Users/milfuegos/Sites/msm-dev/app/public/wp-content/themes/msm/templates/sections/home_news.php on line 33
[17-May-2025 22:13:10 UTC] PHP Warning:  Undefined variable $thumbnail_url in /Users/milfuegos/Sites/msm-dev/app/public/wp-content/themes/msm/templates/sections/home_news.php on line 33
[17-May-2025 22:13:10 UTC] PHP Warning:  Undefined variable $thumbnail_url in /Users/milfuegos/Sites/msm-dev/app/public/wp-content/themes/msm/templates/sections/home_news.php on line 86
[17-May-2025 22:13:10 UTC] PHP Warning:  Undefined variable $thumbnail_url in /Users/milfuegos/Sites/msm-dev/app/public/wp-content/themes/msm/templates/sections/home_news.php on line 86
[17-May-2025 22:14:38 UTC] PHP Warning:  Undefined variable $thumbnail_url in /Users/milfuegos/Sites/msm-dev/app/public/wp-content/themes/msm/templates/sections/home_news.php on line 33
[17-May-2025 22:14:38 UTC] PHP Warning:  Undefined variable $thumbnail_url in /Users/milfuegos/Sites/msm-dev/app/public/wp-content/themes/msm/templates/sections/home_news.php on line 86
[17-May-2025 22:14:38 UTC] PHP Warning:  Undefined variable $thumbnail_url in /Users/milfuegos/Sites/msm-dev/app/public/wp-content/themes/msm/templates/sections/home_news.php on line 33
[17-May-2025 22:14:38 UTC] PHP Warning:  Undefined variable $thumbnail_url in /Users/milfuegos/Sites/msm-dev/app/public/wp-content/themes/msm/templates/sections/home_news.php on line 86
[17-May-2025 22:15:15 UTC] PHP Warning:  Undefined variable $thumbnail_url in /Users/milfuegos/Sites/msm-dev/app/public/wp-content/themes/msm/templates/sections/home_news.php on line 33
[17-May-2025 22:15:15 UTC] PHP Warning:  Undefined variable $thumbnail_url in /Users/milfuegos/Sites/msm-dev/app/public/wp-content/themes/msm/templates/sections/home_news.php on line 33
[17-May-2025 22:15:15 UTC] PHP Warning:  Undefined variable $thumbnail_url in /Users/milfuegos/Sites/msm-dev/app/public/wp-content/themes/msm/templates/sections/home_news.php on line 33
[17-May-2025 22:15:15 UTC] PHP Warning:  Undefined variable $thumbnail_url in /Users/milfuegos/Sites/msm-dev/app/public/wp-content/themes/msm/templates/sections/home_news.php on line 33
[17-May-2025 22:15:15 UTC] PHP Warning:  Undefined variable $thumbnail_url in /Users/milfuegos/Sites/msm-dev/app/public/wp-content/themes/msm/templates/sections/home_news.php on line 33
[17-May-2025 22:15:15 UTC] PHP Warning:  Undefined variable $thumbnail_url in /Users/milfuegos/Sites/msm-dev/app/public/wp-content/themes/msm/templates/sections/home_news.php on line 33
[17-May-2025 22:15:54 UTC] PHP Warning:  Undefined variable $thumbnail_url in /Users/milfuegos/Sites/msm-dev/app/public/wp-content/themes/msm/templates/sections/home_news.php on line 33
[17-May-2025 22:15:54 UTC] PHP Warning:  Undefined variable $thumbnail_url in /Users/milfuegos/Sites/msm-dev/app/public/wp-content/themes/msm/templates/sections/home_news.php on line 33
[17-May-2025 22:15:54 UTC] PHP Warning:  Undefined variable $thumbnail_url in /Users/milfuegos/Sites/msm-dev/app/public/wp-content/themes/msm/templates/sections/home_news.php on line 33
[17-May-2025 22:15:55 UTC] PHP Warning:  Undefined variable $thumbnail_url in /Users/milfuegos/Sites/msm-dev/app/public/wp-content/themes/msm/templates/sections/home_news.php on line 33
[17-May-2025 22:15:55 UTC] PHP Warning:  Undefined variable $thumbnail_url in /Users/milfuegos/Sites/msm-dev/app/public/wp-content/themes/msm/templates/sections/home_news.php on line 33
[17-May-2025 22:15:55 UTC] PHP Warning:  Undefined variable $thumbnail_url in /Users/milfuegos/Sites/msm-dev/app/public/wp-content/themes/msm/templates/sections/home_news.php on line 33
[17-May-2025 22:15:55 UTC] PHP Warning:  Undefined variable $thumbnail_url in /Users/milfuegos/Sites/msm-dev/app/public/wp-content/themes/msm/templates/sections/home_news.php on line 33
[17-May-2025 22:15:55 UTC] PHP Warning:  Undefined variable $thumbnail_url in /Users/milfuegos/Sites/msm-dev/app/public/wp-content/themes/msm/templates/sections/home_news.php on line 33
[17-May-2025 22:15:55 UTC] PHP Warning:  Undefined variable $thumbnail_url in /Users/milfuegos/Sites/msm-dev/app/public/wp-content/themes/msm/templates/sections/home_news.php on line 33
[17-May-2025 22:15:56 UTC] PHP Warning:  Undefined variable $thumbnail_url in /Users/milfuegos/Sites/msm-dev/app/public/wp-content/themes/msm/templates/sections/home_news.php on line 33
[17-May-2025 22:15:56 UTC] PHP Warning:  Undefined variable $thumbnail_url in /Users/milfuegos/Sites/msm-dev/app/public/wp-content/themes/msm/templates/sections/home_news.php on line 33
[17-May-2025 22:15:56 UTC] PHP Warning:  Undefined variable $thumbnail_url in /Users/milfuegos/Sites/msm-dev/app/public/wp-content/themes/msm/templates/sections/home_news.php on line 33
[17-May-2025 22:15:56 UTC] PHP Warning:  Undefined variable $thumbnail_url in /Users/milfuegos/Sites/msm-dev/app/public/wp-content/themes/msm/templates/sections/home_news.php on line 33
[17-May-2025 22:15:56 UTC] PHP Warning:  Undefined variable $thumbnail_url in /Users/milfuegos/Sites/msm-dev/app/public/wp-content/themes/msm/templates/sections/home_news.php on line 33
[17-May-2025 22:15:56 UTC] PHP Warning:  Undefined variable $thumbnail_url in /Users/milfuegos/Sites/msm-dev/app/public/wp-content/themes/msm/templates/sections/home_news.php on line 33
[17-May-2025 22:15:57 UTC] PHP Warning:  Undefined variable $thumbnail_url in /Users/milfuegos/Sites/msm-dev/app/public/wp-content/themes/msm/templates/sections/home_news.php on line 33
[17-May-2025 22:15:57 UTC] PHP Warning:  Undefined variable $thumbnail_url in /Users/milfuegos/Sites/msm-dev/app/public/wp-content/themes/msm/templates/sections/home_news.php on line 33
[17-May-2025 22:15:57 UTC] PHP Warning:  Undefined variable $thumbnail_url in /Users/milfuegos/Sites/msm-dev/app/public/wp-content/themes/msm/templates/sections/home_news.php on line 33
[17-May-2025 22:15:57 UTC] PHP Warning:  Undefined variable $thumbnail_url in /Users/milfuegos/Sites/msm-dev/app/public/wp-content/themes/msm/templates/sections/home_news.php on line 33
[17-May-2025 22:15:57 UTC] PHP Warning:  Undefined variable $thumbnail_url in /Users/milfuegos/Sites/msm-dev/app/public/wp-content/themes/msm/templates/sections/home_news.php on line 33
[17-May-2025 22:15:57 UTC] PHP Warning:  Undefined variable $thumbnail_url in /Users/milfuegos/Sites/msm-dev/app/public/wp-content/themes/msm/templates/sections/home_news.php on line 33
[17-May-2025 22:15:58 UTC] PHP Warning:  Undefined variable $thumbnail_url in /Users/milfuegos/Sites/msm-dev/app/public/wp-content/themes/msm/templates/sections/home_news.php on line 33
[17-May-2025 22:15:58 UTC] PHP Warning:  Undefined variable $thumbnail_url in /Users/milfuegos/Sites/msm-dev/app/public/wp-content/themes/msm/templates/sections/home_news.php on line 33
[17-May-2025 22:15:58 UTC] PHP Warning:  Undefined variable $thumbnail_url in /Users/milfuegos/Sites/msm-dev/app/public/wp-content/themes/msm/templates/sections/home_news.php on line 33
[17-May-2025 22:15:58 UTC] PHP Warning:  Undefined variable $thumbnail_url in /Users/milfuegos/Sites/msm-dev/app/public/wp-content/themes/msm/templates/sections/home_news.php on line 33
[17-May-2025 22:15:58 UTC] PHP Warning:  Undefined variable $thumbnail_url in /Users/milfuegos/Sites/msm-dev/app/public/wp-content/themes/msm/templates/sections/home_news.php on line 33
[17-May-2025 22:15:58 UTC] PHP Warning:  Undefined variable $thumbnail_url in /Users/milfuegos/Sites/msm-dev/app/public/wp-content/themes/msm/templates/sections/home_news.php on line 33
[17-May-2025 22:15:59 UTC] PHP Warning:  Undefined variable $thumbnail_url in /Users/milfuegos/Sites/msm-dev/app/public/wp-content/themes/msm/templates/sections/home_news.php on line 33
[17-May-2025 22:15:59 UTC] PHP Warning:  Undefined variable $thumbnail_url in /Users/milfuegos/Sites/msm-dev/app/public/wp-content/themes/msm/templates/sections/home_news.php on line 33
[17-May-2025 22:15:59 UTC] PHP Warning:  Undefined variable $thumbnail_url in /Users/milfuegos/Sites/msm-dev/app/public/wp-content/themes/msm/templates/sections/home_news.php on line 33
[17-May-2025 22:15:59 UTC] PHP Warning:  Undefined variable $thumbnail_url in /Users/milfuegos/Sites/msm-dev/app/public/wp-content/themes/msm/templates/sections/home_news.php on line 33
[17-May-2025 22:15:59 UTC] PHP Warning:  Undefined variable $thumbnail_url in /Users/milfuegos/Sites/msm-dev/app/public/wp-content/themes/msm/templates/sections/home_news.php on line 33
[17-May-2025 22:15:59 UTC] PHP Warning:  Undefined variable $thumbnail_url in /Users/milfuegos/Sites/msm-dev/app/public/wp-content/themes/msm/templates/sections/home_news.php on line 33
[17-May-2025 22:16:01 UTC] PHP Warning:  Undefined variable $thumbnail_url in /Users/milfuegos/Sites/msm-dev/app/public/wp-content/themes/msm/templates/sections/home_news.php on line 33
[17-May-2025 22:16:01 UTC] PHP Warning:  Undefined variable $thumbnail_url in /Users/milfuegos/Sites/msm-dev/app/public/wp-content/themes/msm/templates/sections/home_news.php on line 33
[17-May-2025 22:16:01 UTC] PHP Warning:  Undefined variable $thumbnail_url in /Users/milfuegos/Sites/msm-dev/app/public/wp-content/themes/msm/templates/sections/home_news.php on line 33
[17-May-2025 22:16:01 UTC] PHP Warning:  Undefined variable $thumbnail_url in /Users/milfuegos/Sites/msm-dev/app/public/wp-content/themes/msm/templates/sections/home_news.php on line 33
[17-May-2025 22:16:01 UTC] PHP Warning:  Undefined variable $thumbnail_url in /Users/milfuegos/Sites/msm-dev/app/public/wp-content/themes/msm/templates/sections/home_news.php on line 33
[17-May-2025 22:16:01 UTC] PHP Warning:  Undefined variable $thumbnail_url in /Users/milfuegos/Sites/msm-dev/app/public/wp-content/themes/msm/templates/sections/home_news.php on line 33
[17-May-2025 22:16:02 UTC] PHP Warning:  Undefined variable $thumbnail_url in /Users/milfuegos/Sites/msm-dev/app/public/wp-content/themes/msm/templates/sections/home_news.php on line 33
[17-May-2025 22:16:02 UTC] PHP Warning:  Undefined variable $thumbnail_url in /Users/milfuegos/Sites/msm-dev/app/public/wp-content/themes/msm/templates/sections/home_news.php on line 33
[17-May-2025 22:16:02 UTC] PHP Warning:  Undefined variable $thumbnail_url in /Users/milfuegos/Sites/msm-dev/app/public/wp-content/themes/msm/templates/sections/home_news.php on line 33
[17-May-2025 22:16:09 UTC] PHP Warning:  Undefined variable $thumbnail_url in /Users/milfuegos/Sites/msm-dev/app/public/wp-content/themes/msm/templates/sections/home_news.php on line 33
[17-May-2025 22:16:09 UTC] PHP Warning:  Undefined variable $thumbnail_url in /Users/milfuegos/Sites/msm-dev/app/public/wp-content/themes/msm/templates/sections/home_news.php on line 33
[17-May-2025 22:16:09 UTC] PHP Warning:  Undefined variable $thumbnail_url in /Users/milfuegos/Sites/msm-dev/app/public/wp-content/themes/msm/templates/sections/home_news.php on line 33
[17-May-2025 22:16:09 UTC] PHP Warning:  Undefined variable $thumbnail_url in /Users/milfuegos/Sites/msm-dev/app/public/wp-content/themes/msm/templates/sections/home_news.php on line 33
[17-May-2025 22:16:09 UTC] PHP Warning:  Undefined variable $thumbnail_url in /Users/milfuegos/Sites/msm-dev/app/public/wp-content/themes/msm/templates/sections/home_news.php on line 33
[17-May-2025 22:16:09 UTC] PHP Warning:  Undefined variable $thumbnail_url in /Users/milfuegos/Sites/msm-dev/app/public/wp-content/themes/msm/templates/sections/home_news.php on line 33
[17-May-2025 22:16:20 UTC] PHP Warning:  Undefined variable $thumbnail_url in /Users/milfuegos/Sites/msm-dev/app/public/wp-content/themes/msm/templates/sections/home_news.php on line 33
[17-May-2025 22:16:20 UTC] PHP Warning:  Undefined variable $thumbnail_url in /Users/milfuegos/Sites/msm-dev/app/public/wp-content/themes/msm/templates/sections/home_news.php on line 33
[17-May-2025 22:16:20 UTC] PHP Warning:  Undefined variable $thumbnail_url in /Users/milfuegos/Sites/msm-dev/app/public/wp-content/themes/msm/templates/sections/home_news.php on line 33
[17-May-2025 22:16:20 UTC] PHP Warning:  Undefined variable $thumbnail_url in /Users/milfuegos/Sites/msm-dev/app/public/wp-content/themes/msm/templates/sections/home_news.php on line 33
[17-May-2025 22:16:20 UTC] PHP Warning:  Undefined variable $thumbnail_url in /Users/milfuegos/Sites/msm-dev/app/public/wp-content/themes/msm/templates/sections/home_news.php on line 33
[17-May-2025 22:16:20 UTC] PHP Warning:  Undefined variable $thumbnail_url in /Users/milfuegos/Sites/msm-dev/app/public/wp-content/themes/msm/templates/sections/home_news.php on line 33
[17-May-2025 22:16:30 UTC] PHP Warning:  Undefined variable $thumbnail_url in /Users/milfuegos/Sites/msm-dev/app/public/wp-content/themes/msm/templates/sections/home_news.php on line 33
[17-May-2025 22:16:30 UTC] PHP Warning:  Undefined variable $thumbnail_url in /Users/milfuegos/Sites/msm-dev/app/public/wp-content/themes/msm/templates/sections/home_news.php on line 33
[17-May-2025 22:16:30 UTC] PHP Warning:  Undefined variable $thumbnail_url in /Users/milfuegos/Sites/msm-dev/app/public/wp-content/themes/msm/templates/sections/home_news.php on line 33
[17-May-2025 22:16:30 UTC] PHP Warning:  Undefined variable $thumbnail_url in /Users/milfuegos/Sites/msm-dev/app/public/wp-content/themes/msm/templates/sections/home_news.php on line 33
[17-May-2025 22:16:30 UTC] PHP Warning:  Undefined variable $thumbnail_url in /Users/milfuegos/Sites/msm-dev/app/public/wp-content/themes/msm/templates/sections/home_news.php on line 33
[17-May-2025 22:16:30 UTC] PHP Warning:  Undefined variable $thumbnail_url in /Users/milfuegos/Sites/msm-dev/app/public/wp-content/themes/msm/templates/sections/home_news.php on line 33
[17-May-2025 22:16:40 UTC] PHP Warning:  Undefined variable $thumbnail_url in /Users/milfuegos/Sites/msm-dev/app/public/wp-content/themes/msm/templates/sections/home_news.php on line 33
[17-May-2025 22:16:40 UTC] PHP Warning:  Undefined variable $thumbnail_url in /Users/milfuegos/Sites/msm-dev/app/public/wp-content/themes/msm/templates/sections/home_news.php on line 33
[17-May-2025 22:16:40 UTC] PHP Warning:  Undefined variable $thumbnail_url in /Users/milfuegos/Sites/msm-dev/app/public/wp-content/themes/msm/templates/sections/home_news.php on line 33
[17-May-2025 22:16:40 UTC] PHP Warning:  Undefined variable $thumbnail_url in /Users/milfuegos/Sites/msm-dev/app/public/wp-content/themes/msm/templates/sections/home_news.php on line 33
[17-May-2025 22:16:40 UTC] PHP Warning:  Undefined variable $thumbnail_url in /Users/milfuegos/Sites/msm-dev/app/public/wp-content/themes/msm/templates/sections/home_news.php on line 33
[17-May-2025 22:16:40 UTC] PHP Warning:  Undefined variable $thumbnail_url in /Users/milfuegos/Sites/msm-dev/app/public/wp-content/themes/msm/templates/sections/home_news.php on line 33
[17-May-2025 22:16:57 UTC] PHP Warning:  Undefined variable $thumbnail_url in /Users/milfuegos/Sites/msm-dev/app/public/wp-content/themes/msm/templates/sections/home_news.php on line 33
[17-May-2025 22:16:57 UTC] PHP Warning:  Undefined variable $thumbnail_url in /Users/milfuegos/Sites/msm-dev/app/public/wp-content/themes/msm/templates/sections/home_news.php on line 33
[17-May-2025 22:16:57 UTC] PHP Warning:  Undefined variable $thumbnail_url in /Users/milfuegos/Sites/msm-dev/app/public/wp-content/themes/msm/templates/sections/home_news.php on line 33
[17-May-2025 22:16:57 UTC] PHP Warning:  Undefined variable $thumbnail_url in /Users/milfuegos/Sites/msm-dev/app/public/wp-content/themes/msm/templates/sections/home_news.php on line 33
[17-May-2025 22:16:57 UTC] PHP Warning:  Undefined variable $thumbnail_url in /Users/milfuegos/Sites/msm-dev/app/public/wp-content/themes/msm/templates/sections/home_news.php on line 33
[17-May-2025 22:16:57 UTC] PHP Warning:  Undefined variable $thumbnail_url in /Users/milfuegos/Sites/msm-dev/app/public/wp-content/themes/msm/templates/sections/home_news.php on line 33
[17-May-2025 22:17:09 UTC] PHP Warning:  Undefined variable $thumbnail_url in /Users/milfuegos/Sites/msm-dev/app/public/wp-content/themes/msm/templates/sections/home_news.php on line 33
[17-May-2025 22:17:09 UTC] PHP Warning:  Undefined variable $thumbnail_url in /Users/milfuegos/Sites/msm-dev/app/public/wp-content/themes/msm/templates/sections/home_news.php on line 33
[17-May-2025 22:17:09 UTC] PHP Warning:  Undefined variable $thumbnail_url in /Users/milfuegos/Sites/msm-dev/app/public/wp-content/themes/msm/templates/sections/home_news.php on line 33
[17-May-2025 22:17:09 UTC] PHP Warning:  Undefined variable $thumbnail_url in /Users/milfuegos/Sites/msm-dev/app/public/wp-content/themes/msm/templates/sections/home_news.php on line 33
[17-May-2025 22:17:09 UTC] PHP Warning:  Undefined variable $thumbnail_url in /Users/milfuegos/Sites/msm-dev/app/public/wp-content/themes/msm/templates/sections/home_news.php on line 33
[17-May-2025 22:17:09 UTC] PHP Warning:  Undefined variable $thumbnail_url in /Users/milfuegos/Sites/msm-dev/app/public/wp-content/themes/msm/templates/sections/home_news.php on line 33
[17-May-2025 22:17:12 UTC] PHP Warning:  Undefined variable $thumbnail_url in /Users/milfuegos/Sites/msm-dev/app/public/wp-content/themes/msm/templates/sections/home_news.php on line 33
[17-May-2025 22:17:12 UTC] PHP Warning:  Undefined variable $thumbnail_url in /Users/milfuegos/Sites/msm-dev/app/public/wp-content/themes/msm/templates/sections/home_news.php on line 33
[17-May-2025 22:17:12 UTC] PHP Warning:  Undefined variable $thumbnail_url in /Users/milfuegos/Sites/msm-dev/app/public/wp-content/themes/msm/templates/sections/home_news.php on line 33
[17-May-2025 22:17:12 UTC] PHP Warning:  Undefined variable $thumbnail_url in /Users/milfuegos/Sites/msm-dev/app/public/wp-content/themes/msm/templates/sections/home_news.php on line 33
[17-May-2025 22:17:12 UTC] PHP Warning:  Undefined variable $thumbnail_url in /Users/milfuegos/Sites/msm-dev/app/public/wp-content/themes/msm/templates/sections/home_news.php on line 33
[17-May-2025 22:17:12 UTC] PHP Warning:  Undefined variable $thumbnail_url in /Users/milfuegos/Sites/msm-dev/app/public/wp-content/themes/msm/templates/sections/home_news.php on line 33
[17-May-2025 22:18:58 UTC] PHP Warning:  Undefined variable $thumbnail_url in /Users/milfuegos/Sites/msm-dev/app/public/wp-content/themes/msm/templates/sections/home_news.php on line 33
[17-May-2025 22:18:58 UTC] PHP Warning:  Undefined variable $thumbnail_url in /Users/milfuegos/Sites/msm-dev/app/public/wp-content/themes/msm/templates/sections/home_news.php on line 33
[17-May-2025 22:18:58 UTC] PHP Warning:  Undefined variable $thumbnail_url in /Users/milfuegos/Sites/msm-dev/app/public/wp-content/themes/msm/templates/sections/home_news.php on line 33
[17-May-2025 22:18:58 UTC] PHP Warning:  Undefined variable $thumbnail_url in /Users/milfuegos/Sites/msm-dev/app/public/wp-content/themes/msm/templates/sections/home_news.php on line 33
[17-May-2025 22:18:58 UTC] PHP Warning:  Undefined variable $thumbnail_url in /Users/milfuegos/Sites/msm-dev/app/public/wp-content/themes/msm/templates/sections/home_news.php on line 33
[17-May-2025 22:18:58 UTC] PHP Warning:  Undefined variable $thumbnail_url in /Users/milfuegos/Sites/msm-dev/app/public/wp-content/themes/msm/templates/sections/home_news.php on line 33
[17-May-2025 22:23:23 UTC] Error de evento de reprogramación de cron para el hook: action_scheduler_run_queue. Código de error: invalid_schedule. Mensaje de error: El evento programado no existe.. Datos: {"schedule":"every_minute","args":["WP Cron"],"interval":60}
[17-May-2025 22:24:50 UTC] PHP Warning:  Attempt to read property "title" on null in /Users/milfuegos/Sites/msm-dev/app/public/wp-includes/class-wp-customize-widgets.php on line 926
[17-May-2025 22:31:22 UTC] PHP Warning:  Undefined array key "title" in /Users/milfuegos/Sites/msm-dev/app/public/wp-content/plugins/elementor/includes/template-library/sources/local.php on line 1491
[17-May-2025 22:31:22 UTC] PHP Warning:  Undefined array key "type" in /Users/milfuegos/Sites/msm-dev/app/public/wp-content/plugins/elementor/includes/template-library/sources/local.php on line 1492
[17-May-2025 23:53:50 UTC] PHP Warning:  Attempt to read property "title" on null in /Users/milfuegos/Sites/msm-dev/app/public/wp-includes/class-wp-customize-widgets.php on line 926
[18-May-2025 00:11:38 UTC] PHP Warning:  Attempt to read property "title" on null in /Users/milfuegos/Sites/msm-dev/app/public/wp-includes/class-wp-customize-widgets.php on line 926
[18-May-2025 01:09:13 UTC] Page slug: sem-2
[18-May-2025 01:09:13 UTC] Final slug: web.com/sem-2.php
[18-May-2025 01:09:13 UTC] Mapped template: /Users/milfuegos/Sites/msm-dev/app/public/wp-content/themes/msmtheme//templates/special//sem/landing.php
[18-May-2025 01:15:01 UTC] PHP Warning:  Attempt to read property "title" on null in /Users/milfuegos/Sites/msm-dev/app/public/wp-includes/class-wp-customize-widgets.php on line 926
[18-May-2025 14:57:28 UTC] PHP Warning:  Attempt to read property "title" on null in /Users/milfuegos/Sites/msm-dev/app/public/wp-includes/class-wp-customize-widgets.php on line 926
[19-May-2025 18:44:14 UTC] Page slug: guia-de-estilos
[19-May-2025 18:44:14 UTC] Final slug: web.com/guia-de-estilos.php
[19-May-2025 18:44:14 UTC] Page slug not in template map: guia-de-estilos
[19-May-2025 18:44:26 UTC] Page slug: guia-de-estilos
[19-May-2025 18:44:26 UTC] Final slug: web.com/guia-de-estilos.php
[19-May-2025 18:44:26 UTC] Page slug not in template map: guia-de-estilos
[19-May-2025 18:45:24 UTC] Page slug: guia-de-estilos
[19-May-2025 18:45:24 UTC] Final slug: web.com/guia-de-estilos.php
[19-May-2025 18:45:24 UTC] Page slug not in template map: guia-de-estilos
[19-May-2025 18:45:38 UTC] Page slug: guia-de-estilos
[19-May-2025 18:45:38 UTC] Final slug: web.com/guia-de-estilos.php
[19-May-2025 18:45:38 UTC] Page slug not in template map: guia-de-estilos
[19-May-2025 18:49:51 UTC] Page slug: guia-de-estilos
[19-May-2025 18:49:51 UTC] Final slug: web.com/guia-de-estilos.php
[19-May-2025 18:49:51 UTC] Page slug not in template map: guia-de-estilos
[19-May-2025 19:12:21 UTC] Page slug: guia-de-estilos
[19-May-2025 19:12:21 UTC] Final slug: web.com/guia-de-estilos.php
[19-May-2025 19:12:21 UTC] Page slug not in template map: guia-de-estilos
[19-May-2025 19:13:13 UTC] Page slug: guia-de-estilos
[19-May-2025 19:13:13 UTC] Final slug: web.com/guia-de-estilos.php
[19-May-2025 19:13:13 UTC] Page slug not in template map: guia-de-estilos
[19-May-2025 19:14:32 UTC] Page slug: guia-de-estilos
[19-May-2025 19:14:32 UTC] Final slug: web.com/guia-de-estilos.php
[19-May-2025 19:14:32 UTC] Page slug not in template map: guia-de-estilos
[19-May-2025 19:19:31 UTC] Page slug: guia-de-estilos
[19-May-2025 19:19:31 UTC] Final slug: web.com/guia-de-estilos.php
[19-May-2025 19:19:31 UTC] Page slug not in template map: guia-de-estilos
[19-May-2025 19:20:37 UTC] Page slug: guia-de-estilos
[19-May-2025 19:20:37 UTC] Final slug: web.com/guia-de-estilos.php
[19-May-2025 19:20:37 UTC] Page slug not in template map: guia-de-estilos
[19-May-2025 19:21:11 UTC] Page slug: guia-de-estilos
[19-May-2025 19:21:11 UTC] Final slug: web.com/guia-de-estilos.php
[19-May-2025 19:21:11 UTC] Page slug not in template map: guia-de-estilos
[19-May-2025 19:22:11 UTC] Page slug: guia-de-estilos
[19-May-2025 19:22:11 UTC] Final slug: web.com/guia-de-estilos.php
[19-May-2025 19:22:11 UTC] Page slug not in template map: guia-de-estilos
[19-May-2025 19:23:19 UTC] Page slug: guia-de-estilos
[19-May-2025 19:23:19 UTC] Final slug: web.com/guia-de-estilos.php
[19-May-2025 19:23:19 UTC] Page slug not in template map: guia-de-estilos
[19-May-2025 19:23:51 UTC] Page slug: guia-de-estilos
[19-May-2025 19:23:51 UTC] Final slug: web.com/guia-de-estilos.php
[19-May-2025 19:23:51 UTC] Page slug not in template map: guia-de-estilos
[19-May-2025 19:25:06 UTC] Page slug: guia-de-estilos
[19-May-2025 19:25:06 UTC] Final slug: web.com/guia-de-estilos.php
[19-May-2025 19:25:06 UTC] Page slug not in template map: guia-de-estilos
[19-May-2025 19:26:15 UTC] Page slug: guia-de-estilos
[19-May-2025 19:26:15 UTC] Final slug: web.com/guia-de-estilos.php
[19-May-2025 19:26:15 UTC] Page slug not in template map: guia-de-estilos
[19-May-2025 19:28:56 UTC] Page slug: guia-de-estilos
[19-May-2025 19:28:56 UTC] Final slug: web.com/guia-de-estilos.php
[19-May-2025 19:28:56 UTC] Page slug not in template map: guia-de-estilos
[19-May-2025 19:40:40 UTC] Page slug: guia-de-estilos
[19-May-2025 19:40:40 UTC] Final slug: web.com/guia-de-estilos.php
[19-May-2025 19:40:40 UTC] Page slug not in template map: guia-de-estilos
[19-May-2025 19:43:42 UTC] Page slug: licencias-2
[19-May-2025 19:43:42 UTC] Final slug: web.com/licencias-2.php
[19-May-2025 19:43:42 UTC] Mapped template: /Users/milfuegos/Sites/msm-dev/app/public/wp-content/themes/msmtheme//templates/special//licencias/landing.php
[19-May-2025 23:56:57 UTC] Page slug: guia-de-estilos
[19-May-2025 23:56:57 UTC] Final slug: web.com/guia-de-estilos.php
[19-May-2025 23:56:57 UTC] Page slug not in template map: guia-de-estilos
[20-May-2025 00:10:59 UTC] Page slug: guia-de-estilos
[20-May-2025 00:10:59 UTC] Final slug: web.com/guia-de-estilos.php
[20-May-2025 00:10:59 UTC] Page slug not in template map: guia-de-estilos
[20-May-2025 00:11:09 UTC] Page slug: guia-de-estilos
[20-May-2025 00:11:09 UTC] Final slug: web.com/guia-de-estilos.php
[20-May-2025 00:11:09 UTC] Page slug not in template map: guia-de-estilos
[20-May-2025 00:28:35 UTC] Page slug: guia-de-estilos
[20-May-2025 00:28:35 UTC] Final slug: web.com/guia-de-estilos.php
[20-May-2025 00:28:35 UTC] Page slug not in template map: guia-de-estilos
[20-May-2025 00:29:28 UTC] Page slug: guia-de-estilos
[20-May-2025 00:29:28 UTC] Final slug: web.com/guia-de-estilos.php
[20-May-2025 00:29:28 UTC] Page slug not in template map: guia-de-estilos
[20-May-2025 00:30:14 UTC] Page slug: guia-de-estilos
[20-May-2025 00:30:14 UTC] Final slug: web.com/guia-de-estilos.php
[20-May-2025 00:30:14 UTC] Page slug not in template map: guia-de-estilos
[20-May-2025 00:30:54 UTC] Page slug: guia-de-estilos
[20-May-2025 00:30:54 UTC] Final slug: web.com/guia-de-estilos.php
[20-May-2025 00:30:54 UTC] Page slug not in template map: guia-de-estilos
[20-May-2025 00:32:19 UTC] Page slug: guia-de-estilos
[20-May-2025 00:32:19 UTC] Final slug: web.com/guia-de-estilos.php
[20-May-2025 00:32:19 UTC] Page slug not in template map: guia-de-estilos
[20-May-2025 00:33:15 UTC] Page slug: guia-de-estilos
[20-May-2025 00:33:15 UTC] Final slug: web.com/guia-de-estilos.php
[20-May-2025 00:33:15 UTC] Page slug not in template map: guia-de-estilos
[20-May-2025 00:33:42 UTC] Page slug: guia-de-estilos
[20-May-2025 00:33:42 UTC] Final slug: web.com/guia-de-estilos.php
[20-May-2025 00:33:42 UTC] Page slug not in template map: guia-de-estilos
[20-May-2025 00:34:06 UTC] Page slug: guia-de-estilos
[20-May-2025 00:34:06 UTC] Final slug: web.com/guia-de-estilos.php
[20-May-2025 00:34:06 UTC] Page slug not in template map: guia-de-estilos
[20-May-2025 00:34:20 UTC] Page slug: guia-de-estilos
[20-May-2025 00:34:20 UTC] Final slug: web.com/guia-de-estilos.php
[20-May-2025 00:34:20 UTC] Page slug not in template map: guia-de-estilos
[20-May-2025 00:34:56 UTC] Page slug: guia-de-estilos
[20-May-2025 00:34:56 UTC] Final slug: web.com/guia-de-estilos.php
[20-May-2025 00:34:56 UTC] Page slug not in template map: guia-de-estilos
[20-May-2025 00:36:27 UTC] Page slug: guia-de-estilos
[20-May-2025 00:36:27 UTC] Final slug: web.com/guia-de-estilos.php
[20-May-2025 00:36:27 UTC] Page slug not in template map: guia-de-estilos
[20-May-2025 00:36:42 UTC] Page slug: guia-de-estilos
[20-May-2025 00:36:42 UTC] Final slug: web.com/guia-de-estilos.php
[20-May-2025 00:36:42 UTC] Page slug not in template map: guia-de-estilos
[20-May-2025 00:36:55 UTC] Page slug: guia-de-estilos
[20-May-2025 00:36:55 UTC] Final slug: web.com/guia-de-estilos.php
[20-May-2025 00:36:55 UTC] Page slug not in template map: guia-de-estilos
[20-May-2025 00:37:32 UTC] Page slug: guia-de-estilos
[20-May-2025 00:37:32 UTC] Final slug: web.com/guia-de-estilos.php
[20-May-2025 00:37:32 UTC] Page slug not in template map: guia-de-estilos
[20-May-2025 00:38:26 UTC] Page slug: guia-de-estilos
[20-May-2025 00:38:26 UTC] Final slug: web.com/guia-de-estilos.php
[20-May-2025 00:38:26 UTC] Page slug not in template map: guia-de-estilos
[20-May-2025 00:38:45 UTC] Page slug: guia-de-estilos
[20-May-2025 00:38:45 UTC] Final slug: web.com/guia-de-estilos.php
[20-May-2025 00:38:45 UTC] Page slug not in template map: guia-de-estilos
[20-May-2025 00:38:58 UTC] Page slug: guia-de-estilos
[20-May-2025 00:38:58 UTC] Final slug: web.com/guia-de-estilos.php
[20-May-2025 00:38:58 UTC] Page slug not in template map: guia-de-estilos
[20-May-2025 00:39:15 UTC] Page slug: guia-de-estilos
[20-May-2025 00:39:15 UTC] Final slug: web.com/guia-de-estilos.php
[20-May-2025 00:39:15 UTC] Page slug not in template map: guia-de-estilos
[20-May-2025 00:39:28 UTC] Page slug: guia-de-estilos
[20-May-2025 00:39:28 UTC] Final slug: web.com/guia-de-estilos.php
[20-May-2025 00:39:28 UTC] Page slug not in template map: guia-de-estilos
[20-May-2025 00:40:26 UTC] Page slug: guia-de-estilos
[20-May-2025 00:40:26 UTC] Final slug: web.com/guia-de-estilos.php
[20-May-2025 00:40:26 UTC] Page slug not in template map: guia-de-estilos
[20-May-2025 00:41:42 UTC] Page slug: guia-de-estilos
[20-May-2025 00:41:42 UTC] Final slug: web.com/guia-de-estilos.php
[20-May-2025 00:41:42 UTC] Page slug not in template map: guia-de-estilos
[20-May-2025 00:42:53 UTC] Page slug: guia-de-estilos
[20-May-2025 00:42:53 UTC] Final slug: web.com/guia-de-estilos.php
[20-May-2025 00:42:53 UTC] Page slug not in template map: guia-de-estilos
[20-May-2025 00:45:08 UTC] Page slug: guia-de-estilos
[20-May-2025 00:45:08 UTC] Final slug: web.com/guia-de-estilos.php
[20-May-2025 00:45:08 UTC] Page slug not in template map: guia-de-estilos
[20-May-2025 00:45:51 UTC] Page slug: guia-de-estilos
[20-May-2025 00:45:51 UTC] Final slug: web.com/guia-de-estilos.php
[20-May-2025 00:45:51 UTC] Page slug not in template map: guia-de-estilos
[20-May-2025 00:56:05 UTC] Page slug: guia-de-estilos
[20-May-2025 00:56:05 UTC] Final slug: web.com/guia-de-estilos.php
[20-May-2025 00:56:05 UTC] Page slug not in template map: guia-de-estilos
[20-May-2025 00:56:25 UTC] Page slug: guia-de-estilos
[20-May-2025 00:56:25 UTC] Final slug: web.com/guia-de-estilos.php
[20-May-2025 00:56:25 UTC] Page slug not in template map: guia-de-estilos
[20-May-2025 00:57:54 UTC] Page slug: guia-de-estilos
[20-May-2025 00:57:54 UTC] Final slug: web.com/guia-de-estilos.php
[20-May-2025 00:57:54 UTC] Page slug not in template map: guia-de-estilos
[20-May-2025 00:58:02 UTC] Page slug: guia-de-estilos
[20-May-2025 00:58:02 UTC] Final slug: web.com/guia-de-estilos.php
[20-May-2025 00:58:02 UTC] Page slug not in template map: guia-de-estilos
[20-May-2025 00:58:26 UTC] Page slug: guia-de-estilos
[20-May-2025 00:58:26 UTC] Final slug: web.com/guia-de-estilos.php
[20-May-2025 00:58:26 UTC] Page slug not in template map: guia-de-estilos
[20-May-2025 00:59:21 UTC] Page slug: guia-de-estilos
[20-May-2025 00:59:21 UTC] Final slug: web.com/guia-de-estilos.php
[20-May-2025 00:59:21 UTC] Page slug not in template map: guia-de-estilos
[20-May-2025 01:12:07 UTC] Page slug: guia-de-estilos
[20-May-2025 01:12:07 UTC] Final slug: web.com/guia-de-estilos.php
[20-May-2025 01:12:07 UTC] Page slug not in template map: guia-de-estilos
[20-May-2025 01:12:43 UTC] Page slug: guia-de-estilos
[20-May-2025 01:12:43 UTC] Final slug: web.com/guia-de-estilos.php
[20-May-2025 01:12:43 UTC] Page slug not in template map: guia-de-estilos
[20-May-2025 01:12:43 UTC] Page slug: guia-de-estilos
[20-May-2025 01:12:43 UTC] Final slug: web.com/guia-de-estilos.php
[20-May-2025 01:12:43 UTC] Page slug not in template map: guia-de-estilos
[20-May-2025 01:16:54 UTC] Page slug: guia-de-estilos
[20-May-2025 01:16:54 UTC] Final slug: web.com/guia-de-estilos.php
[20-May-2025 01:16:54 UTC] Page slug not in template map: guia-de-estilos
[20-May-2025 02:28:56 UTC] Page slug: guia-de-estilos
[20-May-2025 02:28:56 UTC] Final slug: web.com/guia-de-estilos.php
[20-May-2025 02:28:56 UTC] Page slug not in template map: guia-de-estilos
[20-May-2025 02:33:33 UTC] Page slug: guia-de-estilos
[20-May-2025 02:33:33 UTC] Final slug: web.com/guia-de-estilos.php
[20-May-2025 02:33:33 UTC] Page slug not in template map: guia-de-estilos
[20-May-2025 02:35:01 UTC] Page slug: guia-de-estilos
[20-May-2025 02:35:01 UTC] Final slug: web.com/guia-de-estilos.php
[20-May-2025 02:35:01 UTC] Page slug not in template map: guia-de-estilos
[20-May-2025 02:36:08 UTC] Page slug: guia-de-estilos
[20-May-2025 02:36:08 UTC] Final slug: web.com/guia-de-estilos.php
[20-May-2025 02:36:08 UTC] Page slug not in template map: guia-de-estilos
[20-May-2025 02:48:51 UTC] Page slug: guia-de-estilos
[20-May-2025 02:48:51 UTC] Final slug: web.com/guia-de-estilos.php
[20-May-2025 02:48:51 UTC] Page slug not in template map: guia-de-estilos
[20-May-2025 02:52:32 UTC] Page slug: guia-de-estilos
[20-May-2025 02:52:32 UTC] Final slug: web.com/guia-de-estilos.php
[20-May-2025 02:52:32 UTC] Page slug not in template map: guia-de-estilos
[20-May-2025 02:53:41 UTC] Page slug: guia-de-estilos
[20-May-2025 02:53:41 UTC] Final slug: web.com/guia-de-estilos.php
[20-May-2025 02:53:41 UTC] Page slug not in template map: guia-de-estilos
[20-May-2025 02:54:05 UTC] Page slug: guia-de-estilos
[20-May-2025 02:54:05 UTC] Final slug: web.com/guia-de-estilos.php
[20-May-2025 02:54:05 UTC] Page slug not in template map: guia-de-estilos
[20-May-2025 02:54:30 UTC] Page slug: guia-de-estilos
[20-May-2025 02:54:30 UTC] Final slug: web.com/guia-de-estilos.php
[20-May-2025 02:54:30 UTC] Page slug not in template map: guia-de-estilos
[20-May-2025 02:54:45 UTC] Page slug: guia-de-estilos
[20-May-2025 02:54:45 UTC] Final slug: web.com/guia-de-estilos.php
[20-May-2025 02:54:45 UTC] Page slug not in template map: guia-de-estilos
[20-May-2025 02:54:51 UTC] Page slug: guia-de-estilos
[20-May-2025 02:54:51 UTC] Final slug: web.com/guia-de-estilos.php
[20-May-2025 02:54:51 UTC] Page slug not in template map: guia-de-estilos
[20-May-2025 02:55:30 UTC] Page slug: guia-de-estilos
[20-May-2025 02:55:30 UTC] Final slug: web.com/guia-de-estilos.php
[20-May-2025 02:55:30 UTC] Page slug not in template map: guia-de-estilos
[20-May-2025 02:56:24 UTC] Page slug: guia-de-estilos
[20-May-2025 02:56:24 UTC] Final slug: web.com/guia-de-estilos.php
[20-May-2025 02:56:24 UTC] Page slug not in template map: guia-de-estilos
[20-May-2025 02:56:40 UTC] Page slug: guia-de-estilos
[20-May-2025 02:56:40 UTC] Final slug: web.com/guia-de-estilos.php
[20-May-2025 02:56:40 UTC] Page slug not in template map: guia-de-estilos
[20-May-2025 02:56:54 UTC] Page slug: guia-de-estilos
[20-May-2025 02:56:54 UTC] Final slug: web.com/guia-de-estilos.php
[20-May-2025 02:56:54 UTC] Page slug not in template map: guia-de-estilos
[20-May-2025 02:57:00 UTC] Page slug: guia-de-estilos
[20-May-2025 02:57:00 UTC] Final slug: web.com/guia-de-estilos.php
[20-May-2025 02:57:00 UTC] Page slug not in template map: guia-de-estilos
[20-May-2025 02:58:00 UTC] Page slug: guia-de-estilos
[20-May-2025 02:58:00 UTC] Final slug: web.com/guia-de-estilos.php
[20-May-2025 02:58:00 UTC] Page slug not in template map: guia-de-estilos
[20-May-2025 02:58:17 UTC] Page slug: guia-de-estilos
[20-May-2025 02:58:17 UTC] Final slug: web.com/guia-de-estilos.php
[20-May-2025 02:58:17 UTC] Page slug not in template map: guia-de-estilos
[20-May-2025 03:00:55 UTC] Page slug: guia-de-estilos
[20-May-2025 03:00:55 UTC] Final slug: web.com/guia-de-estilos.php
[20-May-2025 03:00:55 UTC] Page slug not in template map: guia-de-estilos
[20-May-2025 03:01:19 UTC] Page slug: guia-de-estilos
[20-May-2025 03:01:19 UTC] Final slug: web.com/guia-de-estilos.php
[20-May-2025 03:01:19 UTC] Page slug not in template map: guia-de-estilos
[20-May-2025 03:01:54 UTC] Page slug: guia-de-estilos
[20-May-2025 03:01:54 UTC] Final slug: web.com/guia-de-estilos.php
[20-May-2025 03:01:54 UTC] Page slug not in template map: guia-de-estilos
[20-May-2025 03:02:29 UTC] Page slug: guia-de-estilos
[20-May-2025 03:02:29 UTC] Final slug: web.com/guia-de-estilos.php
[20-May-2025 03:02:29 UTC] Page slug not in template map: guia-de-estilos
[20-May-2025 03:02:42 UTC] Page slug: guia-de-estilos
[20-May-2025 03:02:42 UTC] Final slug: web.com/guia-de-estilos.php
[20-May-2025 03:02:42 UTC] Page slug not in template map: guia-de-estilos
[20-May-2025 03:03:44 UTC] Page slug: licencias-2
[20-May-2025 03:03:44 UTC] Final slug: web.com/licencias-2.php
[20-May-2025 03:03:44 UTC] Mapped template: /Users/milfuegos/Sites/msm-dev/app/public/wp-content/themes/msmtheme//templates/special//licencias/landing.php
[20-May-2025 03:03:49 UTC] Page slug: sem-2
[20-May-2025 03:03:49 UTC] Final slug: web.com/sem-2.php
[20-May-2025 03:03:49 UTC] Mapped template: /Users/milfuegos/Sites/msm-dev/app/public/wp-content/themes/msmtheme//templates/special//sem/landing.php
[20-May-2025 03:05:51 UTC] Page slug: sem-2
[20-May-2025 03:05:51 UTC] Final slug: web.com/sem-2.php
[20-May-2025 03:05:51 UTC] Mapped template: /Users/milfuegos/Sites/msm-dev/app/public/wp-content/themes/msmtheme//templates/special//sem/landing.php
[20-May-2025 03:34:10 UTC] Page slug: guia-de-estilos
[20-May-2025 03:34:10 UTC] Final slug: web.com/guia-de-estilos.php
[20-May-2025 03:34:10 UTC] Page slug not in template map: guia-de-estilos
[20-May-2025 03:34:23 UTC] Page slug: guia-de-estilos
[20-May-2025 03:34:23 UTC] Final slug: web.com/guia-de-estilos.php
[20-May-2025 03:34:23 UTC] Page slug not in template map: guia-de-estilos
[20-May-2025 03:35:30 UTC] Page slug: guia-de-estilos
[20-May-2025 03:35:30 UTC] Final slug: web.com/guia-de-estilos.php
[20-May-2025 03:35:30 UTC] Page slug not in template map: guia-de-estilos
[20-May-2025 03:35:52 UTC] Page slug: guia-de-estilos
[20-May-2025 03:35:52 UTC] Final slug: web.com/guia-de-estilos.php
[20-May-2025 03:35:52 UTC] Page slug not in template map: guia-de-estilos
[20-May-2025 03:36:37 UTC] Page slug: guia-de-estilos
[20-May-2025 03:36:37 UTC] Final slug: web.com/guia-de-estilos.php
[20-May-2025 03:36:37 UTC] Page slug not in template map: guia-de-estilos
[20-May-2025 03:45:10 UTC] Page slug: sem-2
[20-May-2025 03:45:10 UTC] Final slug: web.com/sem-2.php
[20-May-2025 03:45:10 UTC] Mapped template: /Users/milfuegos/Sites/msm-dev/app/public/wp-content/themes/msmtheme//templates/special//sem/landing.php
[20-May-2025 03:45:26 UTC] Page slug: sem-2
[20-May-2025 03:45:26 UTC] Final slug: web.com/sem-2.php
[20-May-2025 03:45:26 UTC] Mapped template: /Users/milfuegos/Sites/msm-dev/app/public/wp-content/themes/msmtheme//templates/special//sem/landing.php
[20-May-2025 03:45:42 UTC] Page slug: sem-2-2
[20-May-2025 03:45:42 UTC] Final slug: web.com/sem-2-2.php
[20-May-2025 03:45:42 UTC] Page slug not in template map: sem-2-2
[20-May-2025 03:46:03 UTC] Page slug: sem-2-2
[20-May-2025 03:46:03 UTC] Final slug: web.com/sem-2-2.php
[20-May-2025 03:46:03 UTC] Page slug not in template map: sem-2-2
[20-May-2025 03:46:13 UTC] Page slug: sem-2-2
[20-May-2025 03:46:13 UTC] Final slug: web.com/sem-2-2.php
[20-May-2025 03:46:13 UTC] Page slug not in template map: sem-2-2
[20-May-2025 03:46:22 UTC] Page slug: sem-2-2
[20-May-2025 03:46:22 UTC] Final slug: web.com/sem-2-2.php
[20-May-2025 03:46:22 UTC] Page slug not in template map: sem-2-2
[20-May-2025 03:47:03 UTC] Page slug: sem-2-2
[20-May-2025 03:47:03 UTC] Final slug: web.com/sem-2-2.php
[20-May-2025 03:47:03 UTC] Page slug not in template map: sem-2-2
[20-May-2025 03:47:09 UTC] Page slug: sem-2
[20-May-2025 03:47:09 UTC] Final slug: web.com/sem-2.php
[20-May-2025 03:47:09 UTC] Mapped template: /Users/milfuegos/Sites/msm-dev/app/public/wp-content/themes/msmtheme//templates/special//sem/landing.php
[20-May-2025 03:47:22 UTC] Page slug: sem-2
[20-May-2025 03:47:22 UTC] Final slug: web.com/sem-2.php
[20-May-2025 03:47:22 UTC] Mapped template: /Users/milfuegos/Sites/msm-dev/app/public/wp-content/themes/msmtheme//templates/special//sem/landing.php
[20-May-2025 03:47:33 UTC] Page slug: sem-2
[20-May-2025 03:47:33 UTC] Final slug: web.com/sem-2.php
[20-May-2025 03:47:33 UTC] Mapped template: /Users/milfuegos/Sites/msm-dev/app/public/wp-content/themes/msmtheme//templates/special//sem/landing.php
[20-May-2025 03:47:45 UTC] Page slug: sem-2
[20-May-2025 03:47:45 UTC] Final slug: web.com/sem-2.php
[20-May-2025 03:47:45 UTC] Mapped template: /Users/milfuegos/Sites/msm-dev/app/public/wp-content/themes/msmtheme//templates/special//sem/landing.php
[20-May-2025 03:47:55 UTC] Page slug: sem-2
[20-May-2025 03:47:55 UTC] Final slug: web.com/sem-2.php
[20-May-2025 03:47:55 UTC] Mapped template: /Users/milfuegos/Sites/msm-dev/app/public/wp-content/themes/msmtheme//templates/special//sem/landing.php
[20-May-2025 03:48:10 UTC] Page slug: sem-2
[20-May-2025 03:48:10 UTC] Final slug: web.com/sem-2.php
[20-May-2025 03:48:10 UTC] Mapped template: /Users/milfuegos/Sites/msm-dev/app/public/wp-content/themes/msmtheme//templates/special//sem/landing.php
